2011-03-01,1,34,NR,Other,NR,NR,450
2011-03-02,1,36,NR,Other,NR,NR,450
2011-03-03,1,37.5,NR,Other,NR,NR,450
2011-03-04,1,35,NR,Other,NR,NR,450
2011-03-06,1,35,NR,Other,NR,NR,475
2011-03-07,1,37.5,NR,Other,NR,NR,475
2011-03-08,1,60,NR,Other,NR,NR,500
2011-03-09,1,34,NR,Other,NR,NR,500
2011-03-10,1,35,NR,Other,NR,NR,500
2011-03-11,1,34,NR, ,NR,NR,NR
2011-03-12,1,34,NR,Other,NR,NR,500
2011-03-13,1,35,NR,Other,NR,NR,500
2011-03-14,1,31,NR,Other,NR,NR,500
2011-03-15,1,36,NR,Other,NR,NR,500
2011-03-16,1,35,NR,Other,NR,NR,500
2011-03-17,1,60,NR,Other,NR,NR,500
2011-03-18,1,66,NR,Other,NR,NR,500
2011-03-19,1,56.5,NR,Other,NR,NR,680
2011-03-21,1,57.5,NR,Other,NR,NR,500
2011-03-22,1,48,NR,Other,NR,NR,500
2011-03-23,1,42.5,NR,Other,NR,NR,500
2011-03-24,1,40,NR,Other,NR,NR,500
2011-03-25,1,35,NR,Other,NR,NR,500
2011-03-26,1,34,NR,Other,NR,NR,500
2006-11-01,1,63,NR,Chandermukhi,NR,NR,900
2006-11-02,1,59,NR,Chandermukhi,NR,NR,915
2006-11-03,1,64,NR,Chandermukhi,NR,NR,915
2006-11-04,1,56.5,NR,Chandermukhi,NR,NR,950
2006-11-05,1,59.5,NR,Chandermukhi,NR,NR,950
2006-11-06,1,62.5,NR,Chandermukhi,NR,NR,950
2006-11-08,1,61.5,NR,Chandermukhi,NR,NR,940
2006-11-09,1,60,NR,Chandermukhi,NR,NR,940
2006-11-10,1,58,NR,Chandermukhi,NR,NR,940
2006-11-11,1,59.5,NR,Chandermukhi,NR,NR,940
2006-11-12,1,56,NR,Chandermukhi,NR,NR,940
2006-11-13,1,62,NR,Chandermukhi,NR,NR,940
2006-11-14,1,62.5,NR,Chandermukhi,NR,NR,940
2006-11-15,1,61,NR,Chandermukhi,NR,NR,940
2006-11-18,1,62,NR,Chandermukhi,NR,NR,950
2006-11-19,1,56.5,NR,Chandermukhi,NR,NR,930
2006-11-20,1,54.5,NR,Chandermukhi,NR,NR,930
2006-11-21,1,54,NR,Chandermukhi,NR,NR,900
2006-11-22,1,54,NR,Chandermukhi,NR,NR,900
2006-11-23,1,53,NR,Chandermukhi,NR,NR,900
2006-11-24,1,52,NR,Chandermukhi,NR,NR,900
2006-11-25,1,47,NR,Chandermukhi,NR,NR,900
2006-11-26,1,47.5,NR,Chandermukhi,NR,NR,900
2006-11-27,1,47,NR,Chandermukhi,NR,NR,900
2006-11-28,1,54,NR,Chandermukhi,NR,NR,900
2006-11-29,1,39.5,NR,Chandermukhi,NR,NR,900
2013-08-01,1,360,NR,Desi,750,850,800
2013-08-02,1,375,NR,Other,700,850,800
2013-08-03,1,380,NR,Other,700,900,800
2013-08-05,1,460,NR,Other,700,825,775
2013-08-06,1,440,NR,Desi,700,800,750
2013-08-07,1,450,NR,Other,600,800,700
2013-08-08,1,480,NR,Other,600,800,700
2013-08-09,1,400,NR,Other,700,850,750
2013-08-10,1,350,NR,Other,700,850,780
2013-08-11,1,340,NR,Desi,700,900,800
2013-08-12,1,330,NR,Desi,700,900,800
2013-08-13,1,270,NR,Other,700,900,800
2013-08-14,1,250,NR,Other,750,875,825
2013-08-16,1,260,NR,Desi,800,900,850
2013-08-17,1,270,NR,Desi,800,900,850
2013-08-18,1,280,NR,Desi,825,900,850
2013-08-19,1,240,NR,Desi,800,900,860
2013-08-20,1,260,NR,Desi,800,925,850
2013-08-21,1,270,NR,Desi,800,900,850
2013-08-22,1,240,NR,Desi,700,900,850
2013-08-23,1,270,NR,Desi,700,900,800
2013-08-24,1,285,NR,Desi,750,900,800
2013-08-25,1,260,NR,Desi,800,925,850
2013-08-26,1,220,NR,Desi,800,1000,900
2013-08-27,1,250,NR,Desi,800,1000,900
2013-08-28,1,220,NR,Desi,800,1000,900
2013-08-29,1,210,NR,Desi,800,1000,910
2013-08-30,1,180,NR,Desi,850,1000,915
2013-08-31,1,175,NR,Desi,900,1000,925
2013-01-01,1,43,NR,Desi,500,600,560
2013-01-02,1,450,NR,Desi,500,625,575
2013-01-03,1,480,NR,Desi,550,600,575
2013-01-04,1,480,NR,Desi,550,650,580
2013-01-05,1,520,NR,Desi,500,600,550
2013-01-06,1,450,NR,Desi,500,600,560
2013-01-07,1,550,NR,Desi,450,550,500
2013-01-08,1,500,NR,Desi,475,600,525
2013-01-09,1,450,NR,Desi,500,600,550
2013-01-10,1,700,NR,Desi,500,600,560
2013-01-11,1,730,NR,Desi,500,625,580
2013-01-12,1,760,NR,Desi,500,600,550
2013-01-13,1,800,NR,Desi,500,600,550
2013-01-14,1,900,NR,Desi,500,600,525
2013-01-15,1,940,NR,Desi,400,550,500
2013-01-16,1,880,NR,Desi,500,600,550
2013-01-17,1,880,NR,Desi,500,600,550
2013-01-18,1,910,NR,Desi,500,600,540
2013-01-19,1,890,NR,Desi,500,600,550
2013-01-20,1,850,NR,Desi,500,600,550
2013-01-21,1,880,NR,Desi,500,600,550
2013-01-22,1,900,NR,Desi,500,625,575
2013-01-23,1,900,NR,Desi,500,600,575
2013-01-24,1,950,NR,Desi,500,600,565
2013-01-25,1,980,NR,Desi,500,600,540
2013-01-27,1,960,NR,Desi,500,580,525
2013-01-28,1,1003,NR,Desi,500,600,550
2013-01-29,1,1007,NR,Desi,525,600,575
2008-09-03,1,84,NR,Other,NR,NR,400
2008-09-04,1,85.5,NR,Other,NR,NR,400
2008-09-05,1,86,NR,Other,NR,NR,400
2008-09-07,1,88,NR,Other,NR,NR,400
2008-09-08,1,91,NR,Other,NR,NR,400
2008-09-09,1,38,NR,Other,NR,NR,275
2008-09-10,1,119,NR,Other,NR,NR,380
2008-09-11,1,107.5,NR,Other,NR,NR,380
2008-09-12,1,95,NR,Other,NR,NR,380
2008-09-28,1,88,NR,Other,NR,NR,380
2008-09-29,1,89.5,NR,Other,NR,NR,380
2008-09-30,1,91,NR,Other,NR,NR,380
2013-11-01,1,220,NR,Desi,1250,1400,1350
2013-11-02,1,190,NR,Desi,1250,1400,1350
2013-11-03,1,22,NR,Desi,1200,1400,1300
2013-11-04,1,200,NR,Desi,1200,1450,1325
2013-11-05,1,180,NR,Desi,1200,1450,1360
2013-11-06,1,160,NR,Desi,1250,1450,1375
2013-11-07,1,165,NR,Desi,1300,1500,1400
2013-11-08,1,150,NR,Desi,1400,1600,1500
2013-11-09,1,157,NR,Desi,1400,1600,1500
2013-11-10,1,144,NR,Desi,1400,1650,1550
2013-11-11,1,150,NR,Desi,1450,1650,1550
2013-11-12,1,158,NR,Desi,1450,1650,1550
2013-11-13,1,200,NR,Desi,1400,1600,1500
2013-11-14,1,220,NR,Desi,1350,1550,1450
2013-11-15,1,210,NR,Desi,1400,1600,1500
2013-11-16,1,200,NR,Desi,1400,1600,1500
2013-11-17,1,180,NR,Desi,1400,1600,1500
2013-11-18,1,175,NR,Desi,1400,1650,1550
2013-11-19,1,180,NR,Desi,1400,1600,1560
2013-11-20,1,235,NR,Desi,1400,1600,1500
2013-11-23,1,250,NR,Desi,1300,1500,1400
2013-11-24,1,300,NR,Desi,1200,1400,1300
2013-11-25,1,320,NR,Desi,1200,1400,1300
2013-11-26,1,340,NR,Desi,1200,1400,1300
2013-11-27,1,370,NR,Desi,1200,1400,1300
2013-11-28,1,350,NR,Desi,1200,1400,1300
2013-11-29,1,370,NR,Desi,1280,1400,1300
2008-03-01,1,122.5,NR,Other,NR,NR,350
2008-03-02,1,124,NR,Other,NR,NR,350
2008-03-03,1,129.5,NR,Other,NR,NR,350
2008-03-04,1,137,NR,Other,NR,NR,380
2008-03-05,1,124,NR,Other,NR,NR,400
2008-03-06,1,121.5,NR,Other,NR,NR,450
2008-03-07,1,122,NR,Other,NR,NR,450
2008-03-08,1,116.5,NR,Other,NR,NR,450
2008-03-09,1,114,NR,Other,NR,NR,450
2008-03-10,1,118,NR,Other,NR,NR,450
2008-03-11,1,116,NR,Other,NR,NR,450
2008-03-12,1,114.5,NR,Other,NR,NR,450
2008-03-13,1,110,NR,Other,NR,NR,450
2008-03-14,1,109.5,NR,Other,NR,NR,450
2008-03-15,1,108,NR,Other,NR,NR,450
2008-03-16,1,103,NR,Other,NR,NR,450
2008-03-17,1,104.5,NR,Other,NR,NR,450
2008-03-18,1,102,NR,Other,NR,NR,450
2008-03-19,1,112.5,NR,Other,NR,NR,400
2008-03-20,1,105,NR,Other,NR,NR,375
2008-03-21,1,102,NR,Other,NR,NR,375
2008-03-23,1,94.5,NR,Other,NR,NR,375
2008-03-24,1,107,NR,Other,NR,NR,375
2008-03-25,1,82,NR,Other,NR,NR,400
2008-03-26,1,106.5,NR,Other,NR,NR,400
2008-03-27,1,108,NR,Other,NR,NR,400
2008-03-28,1,107.5,NR,Other,NR,NR,400
2008-03-29,1,102.5,NR,Other,NR,NR,400
2008-03-30,1,104.5,NR,Other,NR,NR,400
2008-03-31,1,105,NR,Other,NR,NR,400
2007-12-01,1,77.5,NR,Chandermukhi,NR,NR,750
2007-12-02,1,75.5,NR,Chandermukhi,NR,NR,750
2007-12-03,1,74.5,NR,Chandermukhi,NR,NR,750
2007-12-04,1,68,NR,Chandermukhi,NR,NR,750
2007-12-05,1,77,NR,Chandermukhi,NR,NR,750
2007-12-06,1,94,NR,Chandermukhi,NR,NR,725
2007-12-07,1,85,NR,Chandermukhi,NR,NR,725
2007-12-08,1,80.5,NR,Chandermukhi,NR,NR,725
2007-12-09,1,79.5,NR,Chandermukhi,NR,NR,725
2007-12-12,1,97.5,NR,Chandermukhi,NR,NR,600
2007-12-13,1,103.5,NR,Chandermukhi,NR,NR,600
2007-12-15,1,119,NR,Other,NR,NR,580
2007-12-16,1,123.5,NR,Other,NR,NR,570
2007-12-17,1,127.5,NR,Other,NR,NR,570
2007-12-18,1,155,NR,Other,NR,NR,500
2007-12-19,1,152.5,NR,Other,NR,NR,500
2007-12-20,1,171,NR,Other,NR,NR,450
2007-12-23,1,180,NR,Other,NR,NR,400
2007-12-24,1,182.5,NR,Other,NR,NR,350
2007-12-25,1,185,NR,Other,NR,NR,350
2007-12-26,1,183.5,NR,Other,NR,NR,350
2007-12-27,1,186.5,NR,Other,NR,NR,330
2007-12-29,1,164,NR,Other,NR,NR,330
2007-12-30,1,186,NR,Other,NR,NR,325
2007-12-31,1,192.5,NR,Other,NR,NR,325
2006-01-01,1,161,NR,Red,NR,435,NR
2006-01-02,1,162.5,NR,Red,NR,435,NR
2006-01-03,1,165,NR,Red,NR,435,NR
2006-01-04,1,169.5,NR,Red,NR,435,NR
2006-01-05,1,177.5,NR,Red,NR,435,NR
2006-01-06,1,180,NR,Red,NR,435,NR
2006-01-07,1,180,NR,Red,NR,435,NR
2006-01-08,1,190,NR,Red,NR,425,NR
2006-01-10,1,193.5,NR,Red,NR,425,NR
2006-01-11,1,202,NR,Red,NR,410,NR
2006-01-12,1,208,NR,Red,NR,400,NR
2007-10-04,1,56,NR,Chandermukhi,NR,NR,750
2007-10-05,1,57.5,NR,Chandermukhi,NR,NR,750
2007-10-06,1,58,NR,Chandermukhi,NR,NR,750
2007-10-07,1,59,NR,Chandermukhi,NR,NR,760
2007-10-08,1,56.5,NR,Chandermukhi,NR,NR,760
2007-10-10,1,57.5,NR,Chandermukhi,NR,NR,760
2007-10-11,1,56,NR,Chandermukhi,NR,NR,760
2007-10-12,1,55.5,NR,Chandermukhi,NR,NR,770
2007-10-13,1,56,NR,Chandermukhi,NR,NR,770
2007-10-14,1,57,NR,Chandermukhi,NR,NR,770
2007-10-15,1,58,NR,Chandermukhi,NR,NR,770
2007-10-16,1,56.5,NR,Chandermukhi,NR,NR,770
2007-10-17,1,59,NR,Chandermukhi,NR,NR,770
2007-10-18,1,56.5,NR,Chandermukhi,NR,NR,770
2007-10-19,1,55,NR,Chandermukhi,NR,NR,770
2007-10-26,1,56,NR,Chandermukhi,NR,NR,775
2007-10-27,1,59,NR,Chandermukhi,NR,NR,775
2007-10-28,1,56,NR,Chandermukhi,NR,NR,775
2007-10-29,1,56,NR,Chandermukhi,NR,NR,775
2007-10-30,1,56,NR,Chandermukhi,NR,NR,775
2007-10-31,1,55.5,NR,Chandermukhi,NR,NR,775
2010-04-01,1,83,NR,Desi,NR,NR,350
2010-04-02,1,72.5,NR,Desi,NR,NR,350
2010-04-03,1,73,NR,Desi,NR,NR,350
2010-04-04,1,65,NR,Desi,NR,NR,350
2010-04-05,1,77.5,NR,Desi,NR,NR,350
2010-04-06,1,79,NR,Desi,NR,NR,350
2010-04-07,1,77.5,NR,Desi,NR,NR,350
2010-04-08,1,79.5,NR,Desi,NR,NR,350
2010-04-09,1,79,NR,Desi,NR,NR,350
2010-04-10,1,78,NR,Desi,NR,NR,350
2010-04-11,1,76.5,NR,Desi,NR,NR,350
2010-04-12,1,80,NR,Desi,NR,NR,350
2010-04-13,1,79.5,NR,Desi,NR,NR,350
2010-04-14,1,76,NR,Desi,NR,NR,350
2010-04-15,1,78.5,NR,Desi,NR,NR,350
2010-04-16,1,77.5,NR,Desi,NR,NR,350
2010-04-17,1,79,NR,Desi,NR,NR,350
2010-04-18,1,81,NR,Desi,NR,NR,350
2010-04-19,1,85,NR,Desi,NR,NR,350
2010-04-20,1,85,NR,Desi,NR,NR,350
2010-04-21,1,85,NR,Desi,NR,NR,400
2010-04-22,1,80,NR,Desi,NR,NR,400
2010-04-23,1,77.5,NR,Desi,NR,NR,400
2010-04-24,1,80.5,NR,Desi,NR,NR,400
2010-04-25,1,78,NR,Desi,NR,NR,400
2010-04-26,1,75.5,NR,Desi,NR,NR,400
2010-04-27,1,75.5,NR,Desi,NR,NR,400
2010-04-28,1,65,NR,Desi,NR,NR,400
2010-04-29,1,61,NR,Desi,NR,NR,400
2010-04-30,1,55.5,NR,Desi,NR,NR,400
2007-08-01,1,64.5,NR,Chandermukhi,NR,NR,725
2007-08-02,1,69.5,NR,Chandermukhi,NR,NR,725
2007-08-03,1,69.5,NR,Chandermukhi,NR,NR,725
2007-08-04,1,71.5,NR,Chandermukhi,NR,NR,725
2007-08-05,1,73.5,NR,Chandermukhi,NR,NR,725
2007-08-06,1,66.5,NR,Chandermukhi,NR,NR,725
2007-08-07,1,74,NR,Chandermukhi,NR,NR,725
2007-08-08,1,76,NR,Chandermukhi,NR,NR,725
2007-08-09,1,73.5,NR,Chandermukhi,NR,NR,725
2007-08-10,1,75,NR,Chandermukhi,NR,NR,725
2007-08-12,1,76,NR,Chandermukhi,NR,NR,715
2007-08-13,1,77,NR,Chandermukhi,NR,NR,715
2007-08-15,1,73,NR,Chandermukhi,NR,NR,715
2007-08-16,1,75.5,NR,Chandermukhi,NR,NR,715
2007-08-18,1,77,NR,Chandermukhi,NR,NR,715
2007-08-19,1,67,NR,Chandermukhi,NR,NR,720
2007-08-20,1,66,NR,Chandermukhi,NR,NR,725
2007-08-21,1,65,NR,Chandermukhi,NR,NR,725
2007-08-22,1,63.5,NR,Chandermukhi,NR,NR,725
2007-08-23,1,64,NR,Chandermukhi,NR,NR,675
2007-08-26,1,64,NR,Chandermukhi,NR,NR,750
2007-08-27,1,60.5,NR,Chandermukhi,NR,NR,750
2007-08-28,1,63,NR,Chandermukhi,NR,NR,750
2007-08-29,1,63.5,NR,Chandermukhi,NR,NR,750
2007-08-30,1,63,NR,Chandermukhi,NR,NR,750
2007-11-01,1,55.5,NR,Chandermukhi,NR,NR,775
2007-11-02,1,58.5,NR,Chandermukhi,NR,NR,775
2007-11-03,1,60.5,NR,Chandermukhi,NR,NR,775
2007-11-04,1,58.5,NR,Chandermukhi,NR,NR,775
2007-11-05,1,59,NR,Chandermukhi,NR,NR,775
2007-11-06,1,58,NR,Chandermukhi,NR,NR,775
2007-11-07,1,57.5,NR,Chandermukhi,NR,NR,775
2007-11-08,1,57,NR,Chandermukhi,NR,NR,775
2007-11-09,1,57.5,NR,Chandermukhi,NR,NR,775
2007-11-11,1,60.5,NR,Chandermukhi,NR,NR,775
2007-11-12,1,60.5,NR,Chandermukhi,NR,NR,775
2007-11-13,1,56.5,NR,Chandermukhi,NR,NR,775
2007-11-14,1,55.5,NR,Chandermukhi,NR,NR,775
2007-11-15,1,64,NR,Chandermukhi,NR,NR,775
2007-11-16,1,57,NR,Chandermukhi,NR,NR,775
2007-11-17,1,53,NR,Chandermukhi,NR,NR,775
2007-11-18,1,58.5,NR,Chandermukhi,NR,NR,765
2007-11-19,1,54.5,NR,Chandermukhi,NR,NR,760
2007-11-20,1,60,NR,Chandermukhi,NR,NR,750
2007-11-21,1,61,NR,Chandermukhi,NR,NR,750
2007-11-22,1,63,NR,Chandermukhi,NR,NR,750
2007-11-23,1,62.5,NR,Chandermukhi,NR,NR,750
2007-11-24,1,57.5,NR,Chandermukhi,NR,NR,750
2007-11-25,1,59,NR,Chandermukhi,NR,NR,750
2007-11-26,1,60,NR,Chandermukhi,NR,NR,750
2007-11-27,1,57,NR,Chandermukhi,NR,NR,750
2007-11-28,1,60,NR,Chandermukhi,NR,NR,750
2013-12-01,1,380,NR,Desi,1100,1300,1250
2013-12-02,1,400,NR,Desi,1100,1300,1250
2013-12-03,1,430,NR,Desi,1100,1300,1200
2013-12-04,1,450,NR,Desi,1100,1300,1200
2013-12-05,1,470,NR,Desi,1100,1300,1200
2013-12-06,1,500,NR,Desi,1100,1300,1200
2013-12-07,1,500,NR,Desi,1200,1400,1300
2013-12-08,1,500,NR,Desi,1100,1300,1200
2013-12-09,1,490,NR,Desi,1000,1200,1100
2013-12-10,1,520,NR,Desi,1000,1200,1100
2013-12-11,1,450,NR,Desi,1100,1250,1150
2013-12-12,1,430,NR,Desi,1100,1250,1150
2013-12-13,1,400,NR,Desi,1100,1250,1150
2013-12-14,1,370,NR,Desi,1100,1250,1150
2013-12-15,1,320,NR,Desi,1100,1250,1150
2013-12-16,1,340,NR,Desi,1000,1200,1100
2013-12-17,1,320,NR,Other,1000,1200,1100
2013-12-18,1,360,NR,Other,900,1100,1000
2013-12-19,1,376,NR,Other,900,1100,1000
2013-12-20,1,330,NR,Other,900,1100,1000
2013-12-21,1,390,NR,Other,950,1100,1000
2013-12-23,1,360,NR, ,NR,NR,NR
2013-12-24,1,390,NR, ,NR,NR,NR
2013-12-25,1,400.5,NR,Other,850,950,900
2013-12-26,1,420,NR,Other,800,900,850
2013-12-27,1,440,NR,Other,800,900,850
2013-12-30,1,450,NR, ,NR,NR,NR
2013-12-31,1,470,NR, ,NR,NR,NR
2009-04-01,1,35.5,NR,Desi,NR,NR,600
2009-04-02,1,45,NR,Other,NR,NR,680
2009-04-03,1,43,NR,Other,NR,NR,685
2009-04-04,1,45.5,NR,Other,NR,NR,685
2009-04-06,1,43.5,NR,Other,NR,NR,685
2009-04-07,1,46,NR,Other,NR,NR,685
2009-04-08,1,45.5,NR,Other,NR,NR,685
2009-04-09,1,46,NR,Other,NR,NR,685
2009-04-10,1,47,NR,Other,NR,NR,685
2009-04-11,1,45.5,NR,Other,NR,NR,700
2009-04-12,1,47,NR,Other,NR,NR,700
2009-04-13,1,47,NR,Other,NR,NR,700
2009-04-14,1,45.5,NR,Other,NR,NR,715
2009-04-15,1,47,NR,Other,NR,NR,715
2009-04-16,1,46.5,NR,Other,NR,NR,715
2009-04-17,1,46,NR,Other,NR,NR,715
2009-04-18,1,48,NR,Other,NR,NR,725
2009-04-19,1,46.5,NR,Other,NR,NR,725
2009-04-20,1,44.5,NR,Other,NR,NR,725
2009-04-21,1,42.5,NR,Other,NR,NR,725
2009-04-22,1,42.5,NR,Other,NR,NR,725
2009-04-23,1,41.5,NR,Other,NR,NR,725
2009-04-24,1,41.5,NR,Other,NR,NR,725
2009-04-25,1,42,NR,Other,NR,NR,725
2009-04-26,1,44,NR,Other,NR,NR,725
2009-04-27,1,42.5,NR,Other,NR,NR,725
2009-04-28,1,45,NR,Other,NR,NR,725
2006-12-01,1,80.5,NR,Chandermukhi,NR,NR,500
2006-12-02,1,83,NR,Chandermukhi,NR,NR,500
2006-12-03,1,87.5,NR,Chandermukhi,NR,NR,500
2006-12-04,1,92,NR,Chandermukhi,NR,NR,500
2006-12-05,1,96,NR,Chandermukhi,NR,NR,475
2006-12-06,1,88,NR,Chandermukhi,NR,NR,475
2006-12-07,1,104.5,NR,Chandermukhi,NR,NR,475
2006-12-08,1,113.5,NR,Chandermukhi,NR,NR,400
2006-12-09,1,117,NR,Chandermukhi,NR,NR,400
2006-12-10,1,117.5,NR,Chandermukhi,NR,NR,400
2006-12-11,1,113.5,NR,Chandermukhi,NR,NR,400
2006-12-12,1,133.5,NR,Chandermukhi,NR,NR,380
2006-12-13,1,156,NR,Chandermukhi,NR,NR,300
2006-12-14,1,178,NR,Chandermukhi,NR,NR,300
2006-12-15,1,186,NR,Chandermukhi,NR,NR,290
2006-12-16,1,187,NR,Chandermukhi,NR,NR,280
2006-12-17,1,211,NR,Chandermukhi,NR,NR,250
2006-12-18,1,212,NR,Chandermukhi,NR,NR,260
2006-12-19,1,217,NR,Chandermukhi,NR,NR,260
2006-12-20,1,190,NR,Chandermukhi,NR,NR,260
2006-12-21,1,221.5,NR,Chandermukhi,NR,NR,250
2006-12-22,1,235,NR,Chandermukhi,NR,NR,250
2006-12-23,1,230,NR,Chandermukhi,NR,NR,250
2006-12-24,1,230,NR,Chandermukhi,NR,NR,250
2006-12-25,1,229,NR,Chandermukhi,NR,NR,250
2006-12-26,1,242.5,NR,Chandermukhi,NR,NR,250
2006-12-27,1,259.5,NR,Chandermukhi,NR,NR,200
2006-12-28,1,264,NR,Chandermukhi,NR,NR,200
2009-01-01,1,84,NR, ,NR,NR,NR
2009-01-02,1,80,NR, ,NR,NR,NR
2009-01-03,1,76.5,NR, ,NR,NR,NR
2009-01-04,1,75.5,NR, ,NR,NR,NR
2009-01-05,1,79.5,NR, ,NR,NR,NR
2009-01-06,1,75.5,NR, ,NR,NR,NR
2009-01-07,1,74.5,NR, ,NR,NR,NR
2009-01-08,1,76,NR, ,NR,NR,NR
2009-01-09,1,78,NR, ,NR,NR,NR
2009-01-10,1,73,NR, ,NR,NR,NR
2009-01-11,1,88,NR, ,NR,NR,NR
2009-01-12,1,92,NR, ,NR,NR,NR
2009-01-13,1,85,NR, ,NR,NR,NR
2009-01-14,1,87,NR, ,NR,NR,NR
2009-01-15,1,85.5,NR, ,NR,NR,NR
2009-01-16,1,83,NR, ,NR,NR,NR
2009-01-17,1,75.5,NR, ,NR,NR,NR
2009-01-18,1,74.5,NR, ,NR,NR,NR
2009-01-19,1,72,NR, ,NR,NR,NR
2009-01-20,1,73,NR, ,NR,NR,NR
2009-01-21,1,73,NR, ,NR,NR,NR
2009-01-22,1,74.5,NR, ,NR,NR,NR
2009-01-23,1,72,NR, ,NR,NR,NR
2009-01-24,1,72.5,NR,Other,NR,NR,185
2009-01-25,1,72,NR,Other,NR,NR,185
2009-01-26,1,75,NR,Other,NR,NR,185
2009-01-27,1,75.5,NR,Other,NR,NR,185
2009-01-28,1,71.5,NR,Other,NR,NR,185
2009-01-29,1,67,NR,Other,NR,NR,200
2009-01-30,1,68.5,NR,Other,NR,NR,200
2007-07-01,1,62.5,NR,Chandermukhi,NR,NR,680
2007-07-02,1,66.5,NR,Chandermukhi,NR,NR,680
2007-07-03,1,64,NR,Chandermukhi,NR,NR,680
2007-07-04,1,67.5,NR,Chandermukhi,NR,NR,680
2007-07-07,1,64.5,NR,Chandermukhi,NR,NR,700
2007-07-08,1,65,NR,Chandermukhi,NR,NR,700
2007-07-09,1,67,NR,Chandermukhi,NR,NR,700
2007-07-14,1,65.5,NR,Chandermukhi,NR,NR,715
2007-07-15,1,57.5,NR,Chandermukhi,NR,NR,715
2007-07-21,1,61,NR,Chandermukhi,NR,NR,720
2007-07-24,1,59,NR,Chandermukhi,NR,NR,720
2007-07-25,1,62.5,NR,Chandermukhi,NR,NR,720
2006-07-01,1,57,NR,Red,NR,NR,475
2006-07-03,1,60,NR,Red,NR,NR,475
2006-07-04,1,59,NR,Red,NR,NR,475
2006-07-05,1,58.5,NR,Red,NR,NR,475
2006-07-06,1,58.5,NR,Red,NR,NR,475
2006-07-07,1,58.5,NR,Red,NR,NR,475
2006-07-08,1,57,NR,Chandermukhi,NR,NR,550
2006-07-09,1,56.5,NR,Chandermukhi,NR,NR,560
2006-07-10,1,56.5,NR,Chandermukhi,NR,NR,560
2006-07-11,1,54,NR,Chandermukhi,NR,NR,560
2006-07-12,1,49,NR,Chandermukhi,NR,NR,560
2006-07-13,1,49,NR,Chandermukhi,NR,NR,560
2006-07-14,1,51.5,NR,Chandermukhi,NR,NR,560
2006-07-15,1,37.5,NR,Chandermukhi,NR,NR,560
2006-07-16,1,51,NR,Chandermukhi,NR,NR,560
2006-07-17,1,56.5,NR,Chandermukhi,NR,NR,565
2006-07-18,1,51.5,NR,Chandermukhi,NR,NR,565
2006-07-19,1,60,NR,Chandermukhi,NR,NR,565
2006-07-20,1,61,NR,Chandermukhi,NR,NR,565
2006-07-21,1,58,NR,Chandermukhi,NR,NR,570
2006-07-23,1,45.5,NR,Chandermukhi,NR,NR,570
2006-07-24,1,54,NR,Chandermukhi,NR,NR,570
2006-07-25,1,50,NR,Chandermukhi,NR,NR,575
2006-07-26,1,52.5,NR,Chandermukhi,NR,NR,575
2006-07-27,1,52,NR,Chandermukhi,NR,NR,575
2006-07-28,1,55.5,NR,Chandermukhi,NR,NR,575
2006-07-29,1,57.5,NR,Chandermukhi,NR,NR,575
2006-07-30,1,55,NR,Chandermukhi,NR,NR,575
2006-07-31,1,58,NR,Chandermukhi,NR,NR,575
2010-03-02,1,34.5,NR,Desi,NR,NR,350
2010-03-03,1,38,NR,Desi,NR,NR,350
2010-03-04,1,39,NR,Desi,NR,NR,350
2010-03-05,1,36.5,NR,Desi,NR,NR,350
2010-03-06,1,40,NR,Desi,NR,NR,350
2010-03-07,1,36.5,NR,Desi,NR,NR,400
2010-03-08,1,38,NR,Desi,NR,NR,400
2010-03-09,1,39.5,NR,Desi,NR,NR,400
2010-03-10,1,43,NR,Desi,NR,NR,400
2010-03-11,1,46,NR,Desi,NR,NR,400
2010-03-12,1,48,NR,Desi,NR,NR,400
2010-03-13,1,46.5,NR,Desi,NR,NR,350
2010-03-14,1,45,NR,Desi,NR,NR,350
2010-03-15,1,44.5,NR,Desi,NR,NR,350
2010-03-16,1,45.5,NR,Desi,NR,NR,350
2010-03-17,1,48.5,NR,Desi,NR,NR,350
2010-03-18,1,52,NR,Desi,NR,NR,350
2010-03-19,1,48,NR,Desi,NR,NR,350
2010-03-20,1,51,NR,Desi,NR,NR,400
2010-03-21,1,50,NR,Desi,NR,NR,400
2010-03-22,1,52.5,NR,Desi,NR,NR,400
2010-03-23,1,57.5,NR,Desi,NR,NR,400
2010-03-24,1,59.5,NR,Desi,NR,NR,400
2010-03-25,1,59.5,NR,Desi,NR,NR,400
2010-03-26,1,60.5,NR,Desi,NR,NR,350
2010-03-27,1,67.5,NR,Desi,NR,NR,350
2010-03-28,1,66.5,NR,Desi,NR,NR,350
2010-03-29,1,63.5,NR,Desi,NR,NR,350
2010-03-30,1,66.5,NR,Desi,NR,NR,350
2011-10-01,1,28,NR,Other,NR,NR,650
2011-10-03,1,29,NR,Other,NR,NR,650
2011-10-04,1,28,NR,Other,NR,NR,650
2011-10-05,1,32.5,NR,Other,NR,NR,650
2011-10-06,1,31.5,NR,Other,NR,NR,665
2013-02-01,1,1004,NR,Desi,500,600,550
2013-02-02,1,950,NR,Desi,550,650,580
2013-02-03,1,940,NR,Desi,525,600,575
2013-02-04,1,900,NR,Desi,550,600,585
2013-02-05,1,850,NR,Desi,550,650,600
2013-02-06,1,900,NR,Desi,580,700,600
2013-02-07,1,850,NR,Desi,600,650,625
2013-02-08,1,850,NR,Desi,600,680,640
2013-02-09,1,770,NR,Desi,600,650,630
2013-02-10,1,780,NR,Desi,600,700,650
2013-02-11,1,750,NR,Desi,NR,700,650
2013-02-12,1,800,NR,Desi,600,650,625
2013-02-13,1,950,NR,Desi,550,650,600
2013-02-14,1,970,NR,Desi,500,625,575
2013-02-15,1,950,NR,Desi,525,650,600
2013-02-16,1,850,NR,Desi,600,650,625
2013-02-17,1,860,NR,Desi,600,700,625
2013-02-18,1,890,NR,Desi,600,700,650
2013-02-19,1,850,NR,Desi,600,700,650
2013-02-20,1,880,NR,Desi,640,700,650
2013-02-21,1,900,NR,Desi,625,700,675
2013-02-22,1,920,NR,Desi,625,700,675
2013-02-23,1,890,NR,Desi,630,750,680
2013-02-24,1,760,NR,Desi,600,700,670
2013-02-25,1,750,NR,Desi,600,675,650
2006-02-01,1,166.5,NR,Red,NR,350,NR
2006-02-02,1,168,NR,Red,NR,350,NR
2006-02-03,1,168,NR,Red,NR,350,NR
2006-02-04,1,178.5,NR,Red,NR,350,NR
2006-02-05,1,183.5,NR,Red,NR,340,NR
2006-02-06,1,184,NR,Red,NR,340,NR
2006-02-07,1,182.5,NR,Red,NR,340,NR
2006-02-08,1,180,NR,Red,NR,330,NR
2006-02-09,1,180,NR,Red,NR,330,NR
2006-02-10,1,178,NR,Red,NR,330,NR
2006-02-11,1,190,NR,Red,NR,330,NR
2006-02-12,1,178.5,NR,Red,NR,330,NR
2006-02-13,1,186,NR,Red,NR,330,NR
2006-02-14,1,195.5,NR,Red,NR,330,NR
2006-02-15,1,203,NR,Red,NR,325,NR
2006-02-16,1,205.5,NR,Red,NR,325,NR
2006-02-17,1,210,NR,Red,NR,300,NR
2006-02-18,1,214,NR,Red,NR,300,NR
2006-02-19,1,214,NR,Red,NR,300,NR
2006-02-20,1,217,NR,Red,NR,300,NR
2006-02-21,1,216,NR,Red,NR,280,NR
2006-02-22,1,214.5,NR,Red,NR,280,NR
2006-02-23,1,213.5,NR,Red,NR,280,NR
2006-02-24,1,206,NR,Red,NR,280,NR
2006-02-25,1,195,NR,Red,NR,285,NR
2006-02-26,1,199.5,NR,Red,NR,285,NR
2006-02-27,1,200,NR,Red,NR,285,NR
2011-08-01,1,31.5,NR,Other,NR,NR,690
2011-08-02,1,30,NR,Other,NR,NR,690
2011-08-03,1,28,NR,Other,NR,NR,685
2011-08-04,1,26,NR,Other,NR,NR,685
2011-08-05,1,32.5,NR,Other,NR,NR,690
2011-08-06,1,27.5,NR,Other,NR,NR,685
2011-08-07,1,28.5,NR,Other,NR,NR,750
2011-08-08,1,32.5,NR,Other,NR,NR,680
2011-08-09,1,35,NR,Other,NR,NR,655
2011-08-10,1,24.5,NR,Other,NR,NR,750
2011-08-11,1,25.5,NR,Other,NR,NR,750
2011-08-12,1,26,NR,Other,NR,NR,750
2011-08-13,1,23,NR,Other,NR,NR,740
2011-08-14,1,22.5,NR,Other,NR,NR,740
2011-08-15,1,22.5,NR,Other,NR,NR,740
2011-08-16,1,22,NR,Other,NR,NR,740
2011-08-17,1,13.5,NR,Other,NR,NR,740
2011-08-18,1,25,NR,Other,NR,NR,740
2011-08-19,1,24,NR,Other,NR,NR,745
2011-08-20,1,25,NR,Other,NR,NR,745
2011-08-21,1,24,NR,Other,NR,NR,745
2011-08-22,1,24,NR,Other,NR,NR,745
2011-08-23,1,24,NR,Other,NR,NR,745
2011-08-24,1,24.5,NR,Other,NR,NR,745
2011-08-25,1,25,NR,Other,NR,NR,745
2011-08-26,1,25,NR,Other,NR,NR,745
2011-08-27,1,27.5,NR,Other,NR,NR,745
2011-08-28,1,25,NR,Other,NR,NR,745
2011-08-29,1,26,NR,Other,NR,NR,745
2009-03-01,1,52,NR,Other,NR,NR,350
2009-03-02,1,53,NR,Other,NR,NR,350
2009-03-03,1,68,NR,Other,NR,NR,375
2009-03-04,1,52.5,NR,Other,NR,NR,375
2009-03-06,1,52,NR,Other,NR,NR,385
2009-03-07,1,55.5,NR,Other,NR,NR,385
2009-03-08,1,55.5,NR,Other,NR,NR,385
2009-03-09,1,53.5,NR,Other,NR,NR,385
2009-03-10,1,45,NR,Other,NR,NR,385
2009-03-12,1,33.5,NR,Other,NR,NR,385
2009-03-13,1,34.5,NR,Other,NR,NR,385
2009-03-14,1,31.5,NR,Other,NR,NR,400
2009-03-15,1,35.5,NR,Other,NR,NR,400
2009-03-17,1,33.5,NR,Other,NR,NR,400
2009-03-18,1,35,NR,Other,NR,NR,400
2009-03-19,1,32.5,NR,Other,NR,NR,410
2009-03-20,1,35.5,NR,Other,NR,NR,410
2009-03-22,1,35,NR,Other,NR,NR,475
2009-03-23,1,34,NR,Other,NR,NR,475
2009-03-24,1,34,NR,Other,NR,NR,500
2009-03-25,1,36,NR,Other,NR,NR,600
2009-03-26,1,34,NR,Other,NR,NR,650
2009-03-27,1,38.5,NR,Other,NR,NR,650
2009-03-28,1,41,NR,Other,NR,NR,650
2009-03-29,1,41,NR,Other,NR,NR,650
2009-03-30,1,49,NR,Other,NR,NR,650
2009-03-31,1,44,NR,Other,NR,NR,650
2007-06-01,1,62.5,NR,Chandermukhi,NR,NR,585
2007-06-02,1,51,NR,Chandermukhi,NR,NR,585
2007-06-03,1,61.5,NR,Chandermukhi,NR,NR,585
2007-06-04,1,61,NR,Chandermukhi,NR,NR,585
2007-06-05,1,59,NR,Chandermukhi,NR,NR,600
2007-06-06,1,59.5,NR,Chandermukhi,NR,NR,600
2007-06-07,1,59,NR,Chandermukhi,NR,NR,600
2007-06-08,1,62,NR,Chandermukhi,NR,NR,600
2007-06-09,1,62,NR,Chandermukhi,NR,NR,600
2007-06-10,1,61,NR,Chandermukhi,NR,NR,600
2007-06-11,1,58,NR,Chandermukhi,NR,NR,610
2007-06-13,1,62.5,NR,Chandermukhi,NR,NR,610
2007-06-14,1,59,NR,Chandermukhi,NR,NR,610
2007-06-15,1,63,NR,Chandermukhi,NR,NR,610
2007-06-16,1,62.5,NR,Chandermukhi,NR,NR,610
2007-06-17,1,58,NR,Chandermukhi,NR,NR,625
2007-06-18,1,60.5,NR,Chandermukhi,NR,NR,625
2007-06-20,1,57.5,NR,Chandermukhi,NR,NR,650
2007-06-21,1,58.5,NR,Chandermukhi,NR,NR,650
2007-06-22,1,57,NR,Chandermukhi,NR,NR,675
2007-06-23,1,56.5,NR,Chandermukhi,NR,NR,675
2006-06-01,1,98,NR,Red,NR,NR,485
2006-06-02,1,85.5,NR,Red,NR,NR,450
2006-06-03,1,84.5,NR,Chandermukhi,NR,NR,500
2006-06-04,1,91.5,NR,Red,NR,NR,450
2006-06-05,1,86,NR,Chandermukhi,NR,NR,500
2006-06-06,1,81,NR,Chandermukhi,NR,NR,500
2006-06-07,1,78,NR,Chandermukhi,NR,NR,500
2006-06-08,1,76,NR,Chandermukhi,NR,NR,500
2006-06-09,1,75.5,NR,Chandermukhi,NR,NR,500
2006-06-10,1,73.5,NR,Chandermukhi,NR,NR,500
2006-06-11,1,24,NR,Red,NR,NR,450
2006-06-12,1,28,NR,Red,NR,NR,460
2006-06-13,1,26,NR,Red,NR,NR,460
2006-06-14,1,25.5,NR,Red,NR,NR,460
2006-06-16,1,71.5,NR,Red,NR,NR,460
2006-06-17,1,66.5,NR,Red,NR,NR,460
2006-06-18,1,59.5,NR,Red,NR,NR,460
2006-06-19,1,70,NR,Red,NR,NR,470
2006-06-20,1,66.5,NR,Red,NR,NR,470
2006-06-21,1,65.5,NR,Red,NR,NR,470
2006-06-22,1,64,NR,Red,NR,NR,470
2006-06-23,1,67,NR,Red,NR,NR,470
2006-06-24,1,67.5,NR,Red,NR,NR,470
2006-06-25,1,60,NR,Red,NR,NR,470
2006-06-26,1,59,NR,Red,NR,NR,470
2006-06-27,1,50.5,NR,Red,NR,NR,475
2006-06-28,1,56,NR,Red,NR,NR,475
2006-06-29,1,56,NR,Red,NR,NR,475
2006-06-30,1,55.5,NR,Red,NR,NR,475
2007-05-01,1,63.5,NR,Chandermukhi,NR,NR,500
2007-05-02,1,66.5,NR,Chandermukhi,NR,NR,500
2007-05-03,1,67.5,NR,Chandermukhi,NR,NR,500
2007-05-04,1,65.5,NR,Chandermukhi,NR,NR,500
2007-05-05,1,59,NR,Chandermukhi,NR,NR,525
2007-05-06,1,57.5,NR,Chandermukhi,NR,NR,525
2007-05-07,1,66.5,NR,Chandermukhi,NR,NR,525
2007-05-08,1,58.5,NR,Chandermukhi,NR,NR,525
2007-05-09,1,60,NR,Chandermukhi,NR,NR,525
2007-05-10,1,58,NR,Chandermukhi,NR,NR,525
2007-05-11,1,57,NR,Chandermukhi,NR,NR,540
2007-05-12,1,60,NR,Chandermukhi,NR,NR,540
2007-05-13,1,60.5,NR,Chandermukhi,NR,NR,540
2007-05-14,1,57,NR,Chandermukhi,NR,NR,540
2007-05-15,1,55.5,NR,Chandermukhi,NR,NR,550
2007-05-16,1,57,NR,Chandermukhi,NR,NR,550
2007-05-17,1,57,NR,Chandermukhi,NR,NR,550
2007-05-18,1,56.5,NR,Chandermukhi,NR,NR,550
2007-05-19,1,54,NR,Chandermukhi,NR,NR,575
2007-05-20,1,50,NR,Chandermukhi,NR,NR,575
2007-05-21,1,61,NR,Chandermukhi,NR,NR,575
2007-05-22,1,57,NR,Chandermukhi,NR,NR,575
2007-05-23,1,58.5,NR,Chandermukhi,NR,NR,575
2007-05-24,1,55.5,NR,Chandermukhi,NR,NR,575
2007-05-25,1,59,NR,Chandermukhi,NR,NR,575
2007-05-26,1,57,NR,Chandermukhi,NR,NR,585
2007-05-27,1,55.5,NR,Chandermukhi,NR,NR,585
2007-05-28,1,47,NR,Chandermukhi,NR,NR,585
2007-05-29,1,58,NR,Chandermukhi,NR,NR,585
2007-05-30,1,61,NR,Chandermukhi,NR,NR,585
2010-07-08,1,53,NR,Desi,NR,NR,650
2010-07-09,1,57.5,NR,Desi,NR,NR,650
2010-07-10,1,54,NR,Desi,NR,NR,700
2010-07-11,1,53.5,NR,Desi,NR,NR,700
2010-07-12,1,51,NR,Desi,NR,NR,700
2011-07-01,1,27,NR,Other,NR,NR,675
2011-07-02,1,24.5,NR,Other,NR,NR,685
2011-07-04,1,27.5,NR,Other,NR,NR,700
2011-07-05,1,24.5,NR,Other,NR,NR,700
2011-07-06,1,26.5,NR,Other,NR,NR,700
2011-07-07,1,24,NR,Other,NR,NR,750
2011-07-08,1,26,NR,Other,NR,NR,750
2011-07-09,1,24,NR,Other,NR,NR,750
2011-07-10,1,24,NR,Other,NR,NR,750
2011-07-11,1,23.5,NR,Other,NR,NR,750
2011-07-12,1,24.5,NR,Other,NR,NR,750
2011-07-13,1,22.5,NR,Other,NR,NR,800
2011-07-14,1,24,NR,Other,NR,NR,750
2011-07-15,1,24,NR,Other,NR,NR,750
2011-07-16,1,26,NR,Other,NR,NR,750
2011-07-17,1,24,NR,Other,NR,NR,750
2011-07-18,1,25,NR,Other,NR,NR,750
2011-07-19,1,23,NR,Other,NR,NR,750
2011-07-20,1,27,NR,Other,NR,NR,730
2011-07-21,1,31,NR,Other,NR,NR,730
2011-07-22,1,29,NR,Other,NR,NR,730
2011-07-23,1,33,NR,Other,NR,NR,740
2011-07-24,1,36,NR,Other,NR,NR,740
2011-07-25,1,35.5,NR,Other,NR,NR,740
2011-07-26,1,35,NR,Other,NR,NR,740
2011-07-27,1,32.5,NR,Other,NR,NR,745
2011-07-28,1,32.5,NR,Other,NR,NR,745
2011-07-29,1,30,NR,Other,NR,NR,750
2011-07-30,1,31.5,NR,Other,NR,NR,750
2011-07-31,1,29.5,NR,Other,NR,NR,750
2007-02-01,1,220,NR,Chandermukhi,NR,NR,240
2007-02-02,1,221,NR,Chandermukhi,NR,NR,240
2007-02-03,1,185.5,NR,Chandermukhi,NR,NR,240
2007-02-04,1,221.5,NR,Chandermukhi,NR,NR,240
2007-02-05,1,220.5,NR,Chandermukhi,NR,NR,240
2007-02-06,1,215.5,NR,Chandermukhi,NR,NR,300
2007-02-07,1,213,NR,Chandermukhi,NR,NR,300
2007-02-08,1,198,NR,Chandermukhi,NR,NR,310
2007-02-09,1,196.5,NR,Chandermukhi,NR,NR,315
2007-02-10,1,157.5,NR,Chandermukhi,NR,NR,335
2007-02-11,1,164.5,NR,Chandermukhi,NR,NR,340
2007-02-12,1,157,NR,Chandermukhi,NR,NR,350
2007-02-13,1,153,NR,Chandermukhi,NR,NR,350
2007-02-14,1,137,NR,Chandermukhi,NR,NR,350
2007-02-15,1,148,NR,Chandermukhi,NR,NR,350
2007-02-16,1,138,NR,Chandermukhi,NR,NR,360
2007-02-17,1,135.5,NR,Chandermukhi,NR,NR,360
2007-02-18,1,136.5,NR,Chandermukhi,NR,NR,360
2007-02-19,1,137,NR,Chandermukhi,NR,NR,360
2007-02-20,1,135.5,NR,Chandermukhi,NR,NR,365
2007-02-21,1,136.5,NR,Chandermukhi,NR,NR,365
2007-02-22,1,128,NR,Chandermukhi,NR,NR,365
2007-02-23,1,124.5,NR,Chandermukhi,NR,NR,385
2007-02-24,1,136,NR,Chandermukhi,NR,NR,340
2007-02-25,1,131,NR,Chandermukhi,NR,NR,340
2007-02-26,1,132,NR,Chandermukhi,NR,NR,340
2007-02-27,1,129,NR,Chandermukhi,NR,NR,340
2007-02-28,1,124,NR,Chandermukhi,NR,NR,340
2011-04-09,1,50,NR,Other,NR,NR,450
2011-04-10,1,50,NR,Other,NR,NR,450
2011-04-11,1,48.5,NR,Other,NR,NR,450
2011-04-12,1,25,NR,Other,NR,NR,485
2011-04-13,1,29,NR,Other,NR,NR,485
2011-04-14,1,48,NR,Other,NR,NR,450
2011-04-15,1,47.5,NR,Other,NR,NR,450
2011-04-16,1,49,NR,Other,NR,NR,450
2011-04-17,1,47.5,NR,Other,NR,NR,450
2011-04-19,1,48,NR,Other,NR,NR,400
2011-04-26,1,36,NR,Other,NR,NR,425
2011-04-27,1,35.5,NR,Other,NR,NR,425
2011-04-28,1,36,NR,Other,NR,NR,425
2011-04-29,1,35.5,NR,Other,NR,NR,425
2006-05-01,1,123.5,NR, ,NR,NR,NR
2006-05-02,1,137,NR,Red,NR,385,NR
2006-05-03,1,122,NR, ,NR,NR,NR
2006-05-04,1,123,NR,Red,NR,385,NR
2006-05-05,1,120,NR,Red,NR,380,NR
2006-05-06,1,118,NR,Red,NR,390,NR
2006-05-07,1,114,NR,Red,NR,390,NR
2006-05-08,1,109,NR,Red,NR,390,NR
2006-05-09,1,123,NR,Red,NR,390,NR
2006-05-10,1,120.5,NR,Red,NR,390,NR
2006-05-11,1,120,NR,Red,NR,400,NR
2006-05-12,1,120,NR,Red,NR,400,NR
2006-05-13,1,116,NR,Red,NR,410,NR
2006-05-14,1,113,NR,Red,NR,410,NR
2006-05-15,1,121,NR,Red,NR,410,NR
2006-05-16,1,124,NR,Red,NR,410,NR
2006-05-17,1,124.5,NR,Red,NR,440,NR
2006-05-18,1,125,NR,Red,NR,425,NR
2006-05-19,1,121.5,NR,Red,NR,425,NR
2006-05-20,1,121.5,NR,Red,NR,425,NR
2006-05-21,1,87.5,NR,Red,NR,430,NR
2006-05-22,1,104,NR,Red,NR,430,NR
2006-05-23,1,111.5,NR, ,NR,NR,NR
2006-05-24,1,116,NR,Red,NR,430,NR
2006-05-25,1,115.5,NR,Red,NR,430,NR
2006-05-26,1,114.5,NR,Red,NR,430,NR
2006-05-27,1,112,NR,Red,NR,430,NR
2008-08-01,1,66.5,NR,Other,NR,NR,500
2008-08-02,1,68.5,NR,Other,NR,NR,500
2008-08-03,1,72.5,NR,Other,NR,NR,500
2008-08-04,1,73,NR,Other,NR,NR,500
2008-08-05,1,57,NR,Other,NR,NR,500
2008-08-06,1,80,NR,Other,NR,NR,500
2008-08-07,1,93.5,NR,Other,NR,NR,400
2008-08-08,1,92.5,NR,Other,NR,NR,400
2008-08-09,1,96,NR,Other,NR,NR,390
2008-08-10,1,102.5,NR,Other,NR,NR,390
2008-08-11,1,105,NR,Other,NR,NR,390
2008-08-22,1,81.5,NR, ,NR,NR,NR
2008-08-28,1,81,NR,Other,NR,NR,400
2008-08-29,1,82.5,NR,Other,NR,NR,400
2008-08-30,1,82,NR,Other,NR,NR,400
2010-06-01,1,72.5,NR,Desi,NR,NR,550
2010-06-02,1,74,NR,Desi,NR,NR,550
2010-06-03,1,75.5,NR,Desi,NR,NR,550
2010-06-04,1,75.5,NR,Desi,NR,NR,550
2010-06-05,1,75,NR,Desi,NR,NR,600
2010-06-06,1,75,NR,Desi,NR,NR,550
2010-06-07,1,73.5,NR,Desi,NR,NR,550
2010-06-08,1,74.5,NR,Desi,NR,NR,550
2010-06-09,1,71,NR,Desi,NR,NR,550
2010-06-10,1,65,NR,Desi,NR,NR,560
2010-06-11,1,60,NR,Desi,NR,NR,560
2010-06-12,1,58,NR,Desi,NR,NR,540
2010-06-13,1,61,NR,Desi,NR,NR,600
2010-06-14,1,61,NR,Desi,NR,NR,600
2010-06-15,1,60,NR,Desi,NR,NR,600
2011-06-01,1,31,NR,Other,NR,NR,650
2011-06-02,1,30,NR,Other,NR,NR,650
2011-06-03,1,29.5,NR,Other,NR,NR,650
2011-06-04,1,30,NR,Other,NR,NR,650
2011-06-05,1,29.5,NR,Other,NR,NR,650
2011-06-06,1,27.5,NR,Other,NR,NR,650
2011-06-07,1,28.5,NR,Other,NR,NR,650
2011-06-08,1,29,NR,Other,NR,NR,680
2011-06-09,1,25,NR,Other,NR,NR,680
2011-06-10,1,27.5,NR,Other,NR,NR,670
2011-06-11,1,25,NR,Other,NR,NR,650
2011-06-12,1,25,NR,Other,NR,NR,660
2011-06-13,1,25.5,NR,Other,NR,NR,640
2011-06-14,1,25,NR,Other,NR,NR,640
2011-06-15,1,25,NR,Other,NR,NR,640
2011-06-16,1,24,NR,Other,NR,NR,640
2011-06-17,1,26,NR,Other,NR,NR,640
2011-06-18,1,645,NR,Other,NR,NR,645
2011-06-19,1,25,NR,Other,NR,NR,650
2011-06-20,1,24,NR,Other,NR,NR,650
2011-06-21,1,22.5,NR,Other,NR,NR,650
2011-06-22,1,24,NR,Other,NR,NR,680
2011-06-23,1,24,NR,Other,NR,NR,680
2011-06-24,1,26,NR,Other,NR,NR,675
2011-06-25,1,26.5,NR,Other,NR,NR,675
2011-06-26,1,26.5,NR,Other,NR,NR,675
2011-06-27,1,28,NR,Other,NR,NR,675
2011-06-28,1,25,NR,Other,NR,NR,675
2011-06-29,1,25.5,NR,Other,NR,NR,675
2011-06-30,1,22.5,NR,Other,NR,NR,675
2010-01-04,1,61,NR,Desi,NR,NR,650
2010-01-05,1,58,NR,Desi,NR,NR,650
2010-01-06,1,57.5,NR,Desi,NR,NR,650
2010-01-07,1,52.5,NR,Desi,NR,NR,650
2010-01-09,1,57.5,NR,Desi,NR,NR,500
2010-01-10,1,56,NR,Desi,NR,NR,500
2010-01-11,1,56,NR,Desi,NR,NR,500
2010-01-12,1,57.5,NR,Desi,NR,NR,500
2010-01-13,1,61.5,NR,Desi,NR,NR,500
2010-01-14,1,61.5,NR,Desi,NR,NR,500
2010-01-15,1,59,NR,Desi,NR,NR,500
2010-01-16,1,60,NR,Desi,NR,NR,500
2010-01-17,1,56.5,NR,Desi,NR,NR,500
2010-01-18,1,56.5,NR,Desi,NR,NR,500
2010-01-19,1,61,NR,Desi,NR,NR,400
2010-01-20,1,56,NR,Desi,NR,NR,400
2010-01-21,1,63.5,NR,Desi,NR,NR,400
2010-01-22,1,61,NR,Desi,NR,NR,400
2010-01-23,1,61,NR,Desi,NR,NR,400
2010-01-27,1,66.5,NR,Desi,NR,NR,400
2010-01-28,1,65,NR,Desi,NR,NR,400
2010-01-29,1,64.5,NR,Desi,NR,NR,400
2010-01-30,1,67.5,NR,Desi,NR,NR,400
2010-01-31,1,67.5,NR,Desi,NR,NR,400
2008-04-01,1,110,NR,Other,NR,NR,300
2008-04-02,1,120,NR,Other,NR,NR,250
2008-04-03,1,124,NR,Other,NR,NR,250
2008-04-04,1,115,NR,Other,NR,NR,250
2008-04-05,1,116.5,NR,Other,NR,NR,240
2008-04-06,1,114.5,NR,Other,NR,NR,240
2008-04-07,1,117.5,NR,Other,NR,NR,240
2008-04-08,1,119,NR,Other,NR,NR,240
2008-04-09,1,116,NR,Other,NR,NR,240
2008-04-10,1,110.5,NR,Other,NR,NR,240
2008-04-11,1,110,NR,Other,NR,NR,240
2008-04-12,1,113,NR,Other,NR,NR,240
2008-04-13,1,116,NR,Other,NR,NR,240
2008-04-14,1,118.5,NR,Other,NR,NR,240
2008-04-15,1,121.5,NR,Other,NR,NR,240
2008-04-16,1,119,NR,Other,NR,NR,240
2008-04-17,1,116,NR,Other,NR,NR,240
2008-04-18,1,111,NR,Other,NR,NR,240
2008-04-19,1,43.5,NR,Other,NR,NR,240
2008-04-20,1,106,NR,Other,NR,NR,240
2008-04-21,1,108,NR,Other,NR,NR,240
2008-04-22,1,106,NR,Other,NR,NR,240
2008-04-23,1,102.5,NR,Other,NR,NR,240
2008-04-24,1,106,NR,Other,NR,NR,240
2008-04-25,1,113,NR,Other,NR,NR,240
2008-04-26,1,105.5,NR,Other,NR,NR,250
2008-04-27,1,92,NR,Other,NR,NR,300
2008-04-28,1,87.5,NR,Other,NR,NR,300
2008-04-29,1,89.5,NR,Other,NR,NR,300
2008-04-30,1,86.5,NR,Other,NR,NR,400
2006-09-01,1,79.5,NR,Chandermukhi,NR,NR,585
2006-09-02,1,77,NR,Chandermukhi,NR,NR,585
2006-09-03,1,73.5,NR,Chandermukhi,NR,NR,580
2006-09-04,1,72,NR,Chandermukhi,NR,NR,580
2006-09-05,1,70,NR,Chandermukhi,NR,NR,580
2006-09-06,1,71,NR,Chandermukhi,NR,NR,585
2006-09-07,1,74,NR,Chandermukhi,NR,NR,585
2006-09-08,1,77,NR,Chandermukhi,NR,NR,585
2006-09-09,1,62,NR,Chandermukhi,NR,NR,590
2006-09-10,1,68,NR,Chandermukhi,NR,NR,590
2006-09-11,1,68.5,NR,Chandermukhi,NR,NR,590
2006-09-12,1,66.5,NR,Chandermukhi,NR,NR,590
2006-09-13,1,67.5,NR,Chandermukhi,NR,NR,590
2006-09-14,1,64,NR, ,NR,NR,NR
2006-09-15,1,68.5,NR,Chandermukhi,NR,NR,600
2006-09-16,1,68,NR,Chandermukhi,NR,NR,600
2006-09-17,1,71,NR,Chandermukhi,NR,NR,600
2006-09-18,1,69,NR,Chandermukhi,NR,NR,625
2006-09-19,1,67.5,NR,Chandermukhi,NR,NR,625
2006-09-20,1,69,NR,Chandermukhi,NR,NR,630
2006-09-21,1,73,NR,Chandermukhi,NR,NR,630
2006-09-22,1,73,NR,Chandermukhi,NR,NR,630
2006-09-23,1,73.5,NR,Chandermukhi,NR,NR,630
2006-09-24,1,76,NR,Chandermukhi,NR,NR,630
2006-09-25,1,67.5,NR,Chandermukhi,NR,NR,630
2006-09-26,1,74,NR,Chandermukhi,NR,NR,700
2006-09-27,1,76.5,NR,Chandermukhi,NR,NR,700
2006-09-28,1,78.5,NR,Chandermukhi,NR,NR,700
2006-09-29,1,75.5,NR,Chandermukhi,NR,NR,700
2006-09-30,1,76,NR,Chandermukhi,NR,NR,700
2008-10-01,1,91.5,NR,Other,NR,NR,380
2008-10-02,1,79,NR,Other,NR,NR,380
2008-10-03,1,82,NR,Other,NR,NR,380
2008-10-04,1,90,NR,Other,NR,NR,380
2008-10-05,1,90.5,NR,Other,NR,NR,380
2008-10-06,1,91,NR,Other,NR,NR,380
2008-10-07,1,96.5,NR,Other,NR,NR,380
2008-10-08,1,95,NR,Other,NR,NR,380
2008-10-09,1,91.5,NR,Other,NR,NR,380
2008-10-10,1,95,NR,Other,NR,NR,380
2008-10-11,1,95,NR,Other,NR,NR,380
2008-10-12,1,97,NR,Other,NR,NR,380
2008-10-13,1,97,NR,Other,NR,NR,380
2008-10-14,1,95.5,NR,Other,NR,NR,380
2008-10-15,1,96.5,NR,Other,NR,NR,380
2008-10-16,1,89,NR,Other,NR,NR,400
2008-10-17,1,87,NR,Other,NR,NR,400
2008-10-18,1,88,NR,Other,NR,NR,400
2008-10-19,1,90,NR,Other,NR,NR,400
2008-10-20,1,89.5,NR,Other,NR,NR,400
2008-10-21,1,92,NR,Other,NR,NR,400
2008-10-22,1,92.5,NR,Other,NR,NR,400
2008-10-23,1,91,NR,Other,NR,NR,400
2008-10-24,1,95,NR,Other,NR,NR,400
2008-10-25,1,90,NR,Other,NR,NR,400
2008-10-26,1,93,NR,Other,NR,NR,400
2008-10-27,1,95.5,NR,Other,NR,NR,400
2008-10-28,1,92,NR,Other,NR,NR,400
2008-10-30,1,94,NR,Other,NR,NR,400
2008-10-31,1,95,NR,Other,NR,NR,400
2011-09-01,1,27.5,NR,Other,NR,NR,750
2011-09-02,1,27.5,NR,Other,NR,NR,750
2011-09-03,1,32,NR,Other,NR,NR,750
2011-09-04,1,28,NR,Other,NR,NR,750
2011-09-05,1,30,NR,Other,NR,NR,750
2011-09-06,1,30,NR,Other,NR,NR,750
2011-09-09,1,43,NR,Other,NR,NR,700
2011-09-10,1,32.5,NR,Other,NR,NR,700
2011-09-11,1,34,NR,Other,NR,NR,700
2011-09-12,1,35,NR,Other,NR,NR,700
2011-09-13,1,36,NR,Other,NR,NR,675
2011-09-14,1,32.5,NR,Other,NR,NR,675
2011-09-15,1,33,NR,Other,NR,NR,675
2011-09-16,1,35,NR,Other,NR,NR,670
2011-09-18,1,34.5,NR,Other,NR,NR,670
2011-09-19,1,32.5,NR,Other,NR,NR,670
2011-09-20,1,31.5,NR,Other,NR,NR,670
2011-09-21,1,31.5,NR,Other,NR,NR,670
2011-09-22,1,32.5,NR,Other,NR,NR,650
2011-09-23,1,30,NR,Other,NR,NR,650
2009-07-01,1,33.5,NR,Other,NR,NR,1100
2009-07-02,1,29,NR,Other,NR,NR,1100
2009-07-03,1,30,NR,Other,NR,NR,1100
2009-07-04,1,33,NR,Other,NR,NR,1100
2009-07-05,1,32,NR,Other,NR,NR,1100
2009-07-06,1,33,NR,Other,NR,NR,1100
2009-07-07,1,37.5,NR,Other,NR,NR,1100
2009-07-08,1,37.5,NR,Other,NR,NR,1100
2009-07-09,1,38,NR,Other,NR,NR,1100
2009-07-10,1,38.5,NR,Other,NR,NR,1100
2009-07-11,1,38.5,NR,Other,NR,NR,1150
2009-07-12,1,38.5,NR,Other,NR,NR,1150
2009-07-13,1,38.5,NR,Other,NR,NR,1150
2009-07-14,1,36,NR,Other,NR,NR,1150
2009-07-15,1,39.5,NR,Other,NR,NR,1150
2009-07-16,1,41.5,NR,Other,NR,NR,1150
2009-07-17,1,41.5,NR,Other,NR,NR,1150
2009-07-18,1,39.5,NR,Other,NR,NR,1150
2009-07-19,1,40,NR,Other,NR,NR,1150
2009-07-20,1,43,NR,Other,NR,NR,1150
2009-07-21,1,43,NR,Other,NR,NR,1160
2009-07-22,1,43,NR,Other,NR,NR,1160
2009-07-23,1,42,NR,Other,NR,NR,1160
2009-07-24,1,43,NR,Other,NR,NR,1160
2009-07-25,1,44.5,NR,Other,NR,NR,1160
2009-07-26,1,42,NR,Other,NR,NR,1165
2009-07-27,1,44,NR,Other,NR,NR,1165
2009-07-28,1,43,NR,Other,NR,NR,1165
2009-07-29,1,39,NR,Other,NR,NR,1165
2009-07-30,1,40.5,NR,Other,NR,NR,1150
2009-07-31,1,39,NR,Other,NR,NR,1150
2008-07-01,1,80,NR,Other,NR,NR,385
2008-07-02,1,85,NR,Other,NR,NR,385
2008-07-03,1,85.5,NR,Other,NR,NR,385
2008-07-04,1,82,NR,Other,NR,NR,390
2008-07-05,1,79.5,NR,Other,NR,NR,390
2008-07-06,1,81,NR,Other,NR,NR,390
2008-07-07,1,94,NR,Other,NR,NR,390
2008-07-08,1,79.5,NR,Other,NR,NR,390
2008-07-09,1,78.5,NR,Other,NR,NR,390
2008-07-10,1,76,NR,Other,NR,NR,400
2008-07-11,1,78,NR,Other,NR,NR,400
2008-07-12,1,75,NR,Other,NR,NR,400
2008-07-13,1,71,NR,Other,NR,NR,400
2008-07-14,1,71.5,NR,Other,NR,NR,400
2008-07-15,1,65.5,NR,Other,NR,NR,400
2008-07-16,1,67.5,NR,Other,NR,NR,400
2008-07-17,1,64,NR,Other,NR,NR,400
2008-07-18,1,66.5,NR,Other,NR,NR,400
2008-07-19,1,61.5,NR,Other,NR,NR,400
2008-07-20,1,61.5,NR,Other,NR,NR,480
2008-07-21,1,62,NR,Other,NR,NR,480
2008-07-22,1,60,NR,Other,NR,NR,500
2008-07-23,1,63.5,NR,Other,NR,NR,500
2008-07-24,1,65,NR,Other,NR,NR,500
2008-07-25,1,61,NR,Other,NR,NR,500
2008-07-26,1,65,NR,Other,NR,NR,500
2008-07-27,1,60,NR,Other,NR,NR,515
2008-07-28,1,61.5,NR,Other,NR,NR,515
2008-07-29,1,65.5,NR,Other,NR,NR,515
2008-07-30,1,61.5,NR,Other,NR,NR,515
2013-10-01,1,220,NR,Desi,750,950,850
2013-10-03,1,250,NR,Desi,750,950,840
2013-10-04,1,280,NR,Desi,700,900,825
2013-10-05,1,280,NR,Desi,800,900,825
2013-10-06,1,230,NR,Desi,800,900,830
2013-10-07,1,220,NR,Desi,825,1050,850
2013-10-08,1,280,NR,Desi,700,900,800
2013-10-09,1,300,NR,Desi,700,900,800
2013-10-10,1,250,NR,Desi,750,900,825
2013-10-11,1,270,NR,Desi,800,1050,850
2013-10-12,1,290,NR,Desi,800,900,850
2013-10-13,1,270,NR,Desi,800,950,850
2013-10-14,1,230,NR,Desi,800,900,860
2013-10-15,1,250,NR,Desi,825,900,850
2013-10-16,1,270,NR,Desi,825,900,850
2013-10-17,1,290,NR,Desi,850,950,875
2013-10-18,1,290,NR,Desi,850,1000,900
2013-10-19,1,300,NR,Desi,850,1050,900
2013-10-23,1,285,NR,Desi,1000,1250,1100
2013-10-24,1,220,NR,Desi,1100,1300,1200
2013-10-25,1,230,NR,Desi,1200,1300,1250
2013-10-26,1,180,NR,Desi,1200,1400,1300
2013-10-27,1,195,NR,Desi,1300,1450,1350
2013-10-28,1,160,NR,Desi,1300,1500,1400
2013-10-29,1,18.5,NR,Desi,1250,1425,1350
2013-10-30,1,210,NR,Desi,1300,1400,1350
2013-10-31,1,211,NR,Desi,1250,1425,1360
2006-08-01,1,58.5,NR,Chandermukhi,NR,NR,580
2006-08-02,1,62,NR,Chandermukhi,NR,NR,580
2006-08-03,1,62.5,NR,Chandermukhi,NR,NR,580
2006-08-04,1,64,NR,Chandermukhi,NR,NR,580
2006-08-05,1,71,NR,Chandermukhi,NR,NR,580
2006-08-06,1,68.5,NR,Chandermukhi,NR,NR,585
2006-08-07,1,72,NR,Chandermukhi,NR,NR,585
2006-08-08,1,69.5,NR,Chandermukhi,NR,NR,590
2006-08-09,1,67,NR,Chandermukhi,NR,NR,590
2006-08-10,1,66,NR,Chandermukhi,NR,NR,590
2006-08-11,1,71,NR,Chandermukhi,NR,NR,590
2006-08-12,1,72.5,NR,Chandermukhi,NR,NR,590
2006-08-13,1,73.5,NR,Chandermukhi,NR,NR,590
2006-08-14,1,74.5,NR,Chandermukhi,NR,NR,590
2006-08-15,1,76,NR,Chandermukhi,NR,NR,590
2006-08-16,1,77.5,NR,Chandermukhi,NR,NR,590
2006-08-17,1,77.5,NR,Chandermukhi,NR,NR,590
2006-08-18,1,76.5,NR,Chandermukhi,NR,NR,585
2006-08-19,1,76.5,NR,Chandermukhi,NR,NR,585
2006-08-20,1,78,NR,Chandermukhi,NR,NR,585
2006-08-21,1,79,NR,Chandermukhi,NR,NR,585
2006-08-22,1,80.5,NR,Chandermukhi,NR,NR,585
2006-08-24,1,79.5,NR,Chandermukhi,NR,NR,585
2006-08-25,1,83,NR,Chandermukhi,NR,NR,585
2006-08-26,1,79.5,NR,Chandermukhi,NR,NR,585
2006-08-27,1,79.5,NR,Chandermukhi,NR,NR,585
2006-08-28,1,82.5,NR,Chandermukhi,NR,NR,585
2006-08-29,1,78,NR,Chandermukhi,NR,NR,580
2008-12-01,1,40,NR,Other,NR,NR,400
2008-12-02,1,48,NR,Other,NR,NR,350
2008-12-03,1,47.5,NR,Other,NR,NR,350
2008-12-04,1,42.5,NR,Other,NR,NR,350
2008-12-05,1,45.5,NR,Other,NR,NR,350
2008-12-06,1,62.5,NR,Other,NR,NR,300
2008-12-07,1,63.5,NR,Other,NR,NR,300
2008-12-08,1,66,NR,Other,NR,NR,300
2008-12-09,1,41.5,NR,Other,NR,NR,300
2008-12-10,1,65,NR,Other,NR,NR,300
2008-12-11,1,66,NR,Other,NR,NR,300
2008-12-12,1,68,NR,Other,NR,NR,300
2008-12-13,1,68,NR,Other,NR,NR,300
2008-12-14,1,69,NR,Other,NR,NR,300
2008-12-15,1,71,NR,Other,NR,NR,300
2008-12-16,1,67.5,NR,Other,NR,NR,300
2008-12-17,1,68,NR,Other,NR,NR,300
2008-12-18,1,69.5,NR,Other,NR,NR,300
2008-12-19,1,69.5,NR,Other,NR,NR,300
2008-12-20,1,65.5,NR,Other,NR,NR,250
2008-12-21,1,67.5,NR,Other,NR,NR,250
2008-12-22,1,69,NR,Other,NR,NR,250
2008-12-23,1,71.5,NR,Other,NR,NR,200
2008-12-24,1,76.5,NR,Other,NR,NR,200
2008-12-25,1,73.5,NR,Other,NR,NR,200
2008-12-26,1,74.5,NR,Other,NR,NR,200
2008-12-27,1,74.5,NR,Other,NR,NR,200
2008-12-29,1,75.5,NR,Other,NR,NR,200
2008-12-30,1,75.5,NR,Other,NR,NR,200
2008-12-31,1,75.5,NR,Other,NR,NR,200
2010-02-01,1,67.5,NR,Desi,NR,NR,400
2010-02-02,1,60,NR,Desi,NR,NR,400
2010-02-03,1,63.5,NR,Desi,NR,NR,400
2010-02-04,1,60,NR,Desi,NR,NR,400
2010-02-05,1,57,NR,Desi,NR,NR,400
2010-02-07,1,53.5,NR,Desi,NR,NR,400
2010-02-08,1,53,NR,Desi,NR,NR,400
2010-02-09,1,52,NR,Desi,NR,NR,400
2010-02-10,1,53,NR,Desi,NR,NR,400
2010-02-11,1,48.5,NR,Desi,NR,NR,400
2010-02-12,1,51.5,NR,Desi,NR,NR,400
2010-02-13,1,52.5,NR,Desi,NR,NR,400
2010-02-14,1,55,NR,Desi,NR,NR,400
2010-02-15,1,59.5,NR,Desi,NR,NR,400
2010-02-16,1,56,NR,Desi,NR,NR,400
2010-02-17,1,55,NR,Desi,NR,NR,400
2010-02-18,1,52,NR,Desi,NR,NR,400
2010-02-19,1,50.5,NR,Desi,NR,NR,400
2010-02-20,1,51.5,NR,Desi,NR,NR,400
2010-02-21,1,50,NR,Desi,NR,NR,400
2013-03-01,1,800,NR,Other,500,600,550
2013-03-02,1,820,NR,Other,500,600,550
2013-03-03,1,730,NR,Other,525,600,560
2013-03-04,1,620,NR,Other,550,625,575
2013-03-05,1,550,NR,Other,550,625,600
2013-03-06,1,500,NR,Other,550,625,600
2013-03-07,1,530,NR,Other,550,625,600
2013-03-08,1,550,NR,Other,550,600,585
2013-03-09,1,500,NR,Other,550,650,590
2013-03-10,1,500,NR,Other,570,700,600
2013-03-11,1,450,NR,Other,575,700,600
2013-03-12,1,450,NR,Other,600,650,625
2013-03-13,1,430,NR,Other,600,700,650
2013-03-15,1,380,NR,Desi,650,685,670
2013-03-18,1,450,NR,Desi,600,675,650
2013-03-19,1,520,NR,Desi,600,650,625
2013-03-20,1,490,NR,Desi,600,675,650
2013-03-21,1,520,NR,Desi,NR,650,630
2013-03-22,1,580,NR,Desi,625,700,650
2013-03-23,1,600,NR,Desi,650,700,675
2013-03-24,1,57,NR,Desi,600,675,650
2013-03-25,1,59,NR,Desi,600,675,650
2013-03-26,1,450,NR,Desi,600,650,625
2013-03-28,1,250,NR,Desi,625,675,640
2007-03-01,1,133,NR,Chandermukhi,NR,NR,330
2007-03-02,1,138,NR,Chandermukhi,NR,NR,315
2007-03-03,1,137,NR,Chandermukhi,NR,NR,315
2007-03-05,1,138,NR,Chandermukhi,NR,NR,315
2007-03-06,1,131.5,NR,Chandermukhi,NR,NR,315
2007-03-07,1,132,NR,Chandermukhi,NR,NR,315
2007-03-08,1,136.5,NR,Chandermukhi,NR,NR,315
2007-03-09,1,130,NR,Chandermukhi,NR,NR,325
2007-03-10,1,124,NR,Chandermukhi,NR,NR,375
2007-03-11,1,118,NR,Chandermukhi,NR,NR,375
2007-03-12,1,115.5,NR,Chandermukhi,NR,NR,375
2007-03-13,1,114,NR,Chandermukhi,NR,NR,375
2007-03-14,1,108.5,NR,Chandermukhi,NR,NR,400
2007-03-15,1,110,NR,Chandermukhi,NR,NR,400
2007-03-16,1,107.5,NR,Chandermukhi,NR,NR,400
2007-03-17,1,107,NR,Chandermukhi,NR,NR,400
2007-03-18,1,99,NR,Chandermukhi,NR,NR,430
2007-03-19,1,97,NR,Chandermukhi,NR,NR,430
2007-03-20,1,96.5,NR,Chandermukhi,NR,NR,430
2007-03-21,1,98,NR,Chandermukhi,NR,NR,430
2007-03-22,1,99.5,NR,Chandermukhi,NR,NR,430
2007-03-23,1,100,NR,Chandermukhi,NR,NR,430
2007-03-24,1,104,NR,Chandermukhi,NR,NR,430
2007-03-25,1,99,NR,Chandermukhi,NR,NR,430
2007-03-26,1,97,NR,Chandermukhi,NR,NR,430
2007-03-27,1,94.5,NR,Chandermukhi,NR,NR,450
2007-03-28,1,94.5,NR,Chandermukhi,NR,NR,450
2007-03-30,1,98,NR,Chandermukhi,NR,NR,450
2009-06-01,1,47,NR,Other,NR,NR,885
2009-06-02,1,49.5,NR,Other,NR,NR,885
2009-06-03,1,47.5,NR,Other,NR,NR,885
2009-06-04,1,51,NR,Other,NR,NR,885
2009-06-05,1,47.5,NR,Other,NR,NR,885
2009-06-06,1,47.5,NR,Other,NR,NR,885
2009-06-07,1,46,NR,Other,NR,NR,900
2009-06-08,1,45.5,NR,Other,NR,NR,900
2009-06-09,1,45,NR,Other,NR,NR,900
2009-06-10,1,48,NR,Other,NR,NR,900
2009-06-11,1,45,NR,Other,NR,NR,900
2009-06-12,1,45,NR,Other,NR,NR,900
2009-06-13,1,45,NR,Other,NR,NR,900
2009-06-14,1,44.5,NR,Other,NR,NR,900
2009-06-15,1,46,NR,Other,NR,NR,900
2009-06-16,1,46.5,NR,Other,NR,NR,900
2009-06-17,1,45,NR,Other,NR,NR,900
2009-06-18,1,45.5,NR,Other,NR,NR,915
2009-06-19,1,43,NR,Other,NR,NR,950
2009-06-20,1,42.5,NR,Other,NR,NR,950
2009-06-21,1,39,NR,Other,NR,NR,950
2009-06-22,1,38.5,NR,Other,NR,NR,950
2009-06-23,1,37.5,NR,Other,NR,NR,950
2009-06-24,1,37.5,NR,Other,NR,NR,950
2009-06-25,1,36,NR,Other,NR,NR,1000
2009-06-26,1,38.5,NR,Other,NR,NR,1000
2009-06-27,1,36,NR,Other,NR,NR,1000
2009-06-28,1,36,NR,Other,NR,NR,1000
2009-06-29,1,36.5,NR,Other,NR,NR,1000
2009-06-30,1,32,NR,Other,NR,NR,1100
2008-06-01,1,93,NR,Other,NR,NR,375
2008-06-02,1,94.5,NR,Other,NR,NR,375
2008-06-03,1,88.5,NR,Other,NR,NR,375
2008-06-04,1,75,NR,Other,NR,NR,380
2008-06-05,1,81.5,NR,Other,NR,NR,380
2008-06-06,1,70,NR,Other,NR,NR,380
2008-06-07,1,75,NR,Other,NR,NR,380
2008-06-08,1,75.5,NR,Other,NR,NR,380
2008-06-09,1,81,NR,Other,NR,NR,380
2008-06-10,1,76.5,NR,Other,NR,NR,380
2008-06-11,1,77,NR,Other,NR,NR,380
2008-06-12,1,76,NR,Other,NR,NR,380
2008-06-13,1,75,NR,Other,NR,NR,380
2008-06-14,1,73,NR,Other,NR,NR,380
2008-06-15,1,75.5,NR,Other,NR,NR,380
2008-06-16,1,73.5,NR,Other,NR,NR,380
2008-06-17,1,74,NR,Other,NR,NR,380
2008-06-18,1,71.5,NR,Other,NR,NR,385
2008-06-19,1,65.5,NR,Other,NR,NR,385
2008-06-20,1,68.5,NR,Other,NR,NR,385
2008-06-21,1,72.5,NR,Other,NR,NR,385
2008-06-22,1,71.5,NR,Other,NR,NR,385
2008-06-23,1,74.5,NR,Other,NR,NR,385
2008-06-24,1,73.5,NR,Other,NR,NR,385
2008-06-25,1,75,NR,Other,NR,NR,385
2008-06-26,1,73,NR,Other,NR,NR,385
2008-06-27,1,72.5,NR,Other,NR,NR,385
2008-06-28,1,73.5,NR,Other,NR,NR,385
2008-06-29,1,73.5,NR,Other,NR,NR,385
2008-06-30,1,73.5,NR,Other,NR,NR,385
2010-09-01,1,30,NR,Other,NR,NR,450
2010-09-02,1,31,NR,Other,NR,NR,450
2010-09-03,1,31,NR,Other,NR,NR,450
2010-09-04,1,45,NR,Other,NR,NR,450
2010-09-05,1,37.5,NR,Other,NR,NR,450
2010-09-06,1,37,NR,Other,NR,NR,450
2010-09-07,1,38,NR,Other,NR,NR,400
2010-09-08,1,34.5,NR,Other,NR,NR,400
2010-09-09,1,35,NR,Other,NR,NR,400
2010-09-10,1,35.5,NR,Other,NR,NR,400
2010-09-11,1,67.5,NR,Other,NR,NR,400
2010-09-12,1,39,NR,Other,NR,NR,400
2010-09-14,1,69,NR,Other,NR,NR,400
2010-09-15,1,71.5,NR,Other,NR,NR,400
2010-09-16,1,69,NR,Other,NR,NR,400
2010-09-17,1,69.5,NR,Other,NR,NR,400
2010-09-18,1,68,NR,Other,NR,NR,400
2010-09-19,1,68,NR,Other,NR,NR,400
2010-09-20,1,68.5,NR,Other,NR,NR,400
2010-09-21,1,66,NR,Other,NR,NR,400
2010-09-25,1,35,NR,Other,NR,NR,400
2010-09-26,1,34.5,NR,Other,NR,NR,425
2010-09-27,1,33.5,NR,Other,NR,NR,425
2010-09-28,1,35,NR,Other,NR,NR,425
2010-09-29,1,35,NR,Other,NR,NR,425
2010-09-30,1,35,NR,Other,NR,NR,425
2007-09-01,1,60.5,NR,Chandermukhi,NR,NR,750
2007-09-02,1,53,NR,Chandermukhi,NR,NR,750
2007-09-03,1,55.5,NR,Chandermukhi,NR,NR,750
2007-09-04,1,52.5,NR,Chandermukhi,NR,NR,750
2007-09-05,1,54.5,NR,Chandermukhi,NR,NR,750
2007-09-06,1,59.5,NR,Chandermukhi,NR,NR,750
2007-09-08,1,57.5,NR,Chandermukhi,NR,NR,750
2007-09-09,1,58,NR,Chandermukhi,NR,NR,750
2007-09-11,1,61.5,NR,Chandermukhi,NR,NR,750
2007-09-12,1,62.5,NR,Chandermukhi,NR,NR,750
2007-09-13,1,59,NR,Chandermukhi,NR,NR,750
2007-09-14,1,56,NR,Chandermukhi,NR,NR,755
2007-09-15,1,53,NR,Chandermukhi,NR,NR,755
2007-09-16,1,52,NR,Chandermukhi,NR,NR,755
2007-09-17,1,49.5,NR,Chandermukhi,NR,NR,755
2007-09-18,1,47.5,NR,Chandermukhi,NR,NR,760
2007-09-19,1,44.5,NR,Chandermukhi,NR,NR,760
2007-09-20,1,44,NR,Chandermukhi,NR,NR,760
2007-09-21,1,44.5,NR,Chandermukhi,NR,NR,750
2007-09-22,1,39.5,NR,Chandermukhi,NR,NR,750
2007-09-23,1,45,NR,Chandermukhi,NR,NR,750
2007-09-24,1,48,NR,Chandermukhi,NR,NR,750
2007-09-25,1,44,NR,Chandermukhi,NR,NR,750
2007-09-26,1,47,NR,Chandermukhi,NR,NR,750
2007-09-27,1,50,NR,Chandermukhi,NR,NR,750
2007-09-28,1,55,NR,Chandermukhi,NR,NR,750
2007-09-29,1,55,NR,Chandermukhi,NR,NR,750
2013-05-01,1,280,NR,Desi,900,975,925
2013-05-02,1,350,NR,Desi,900,1000,930
2013-05-03,1,250,NR,Desi,900,1000,950
2013-05-04,1,290,NR,Desi,900,1000,950
2013-05-06,1,340,NR,Desi,850,950,900
2013-05-07,1,260,NR,Desi,900,950,925
2013-05-08,1,265,NR,Desi,900,980,930
2013-05-09,1,250,NR,Desi,900,975,930
2013-05-10,1,230,NR,Desi,900,1000,950
2013-05-11,1,270,NR,Desi,900,1000,960
2013-05-12,1,280,NR,Desi,900,1000,960
2013-05-13,1,260,NR,Desi,900,1000,975
2013-05-14,1,290,NR,Desi,900,1000,975
2013-05-15,1,270,NR,Desi,900,1000,980
2013-05-16,1,320,NR,Desi,900,1000,975
2013-05-17,1,300,NR,Desi,900,1000,980
2013-05-18,1,280,NR,Desi,930,1050,980
2013-05-20,1,280,NR,Desi,900,1000,980
2013-05-21,1,360,NR,Desi,900,1000,960
2013-05-22,1,310,NR,Desi,800,950,900
2013-05-23,1,360,NR,Desi,850,1000,925
2013-05-24,1,300,NR,Desi,900,980,930
2013-05-25,1,280,NR,Desi,875,1000,925
2013-05-27,1,250,NR,Desi,900,1000,950
2013-05-28,1,280,NR,Desi,900,1000,950
2013-05-29,1,310,NR,Desi,900,1000,950
2013-05-30,1,350,NR,Desi,800,1000,900
2013-05-31,1,280,NR,Desi,850,1000,930
2009-11-03,1,41,NR,Other,NR,NR,1600
2009-11-04,1,29,NR,Other,NR,NR,1600
2009-11-05,1,38.5,NR,Other,NR,NR,1600
2009-11-08,1,46.5,NR,Other,NR,NR,1400
2009-11-09,1,49.5,NR,Other,NR,NR,1400
2009-11-10,1,49,NR,Other,NR,NR,1400
2009-11-11,1,44,NR,Other,NR,NR,1200
2009-11-12,1,52.5,NR,Other,NR,NR,1200
2009-11-13,1,56.5,NR,Other,NR,NR,1200
2009-11-14,1,49.5,NR,Other,NR,NR,1200
2009-11-15,1,51,NR,Other,NR,NR,1200
2009-11-16,1,49.5,NR,Other,NR,NR,1200
2009-11-17,1,48,NR,Other,NR,NR,1200
2009-11-18,1,51,NR,Other,NR,NR,1200
2009-11-19,1,52.5,NR,Other,NR,NR,1200
2006-10-01,1,64.5,NR,Chandermukhi,NR,NR,850
2006-10-02,1,74,NR,Chandermukhi,NR,NR,800
2006-10-03,1,71.5,NR,Chandermukhi,NR,NR,800
2006-10-04,1,73,NR,Chandermukhi,NR,NR,750
2006-10-05,1,74,NR,Chandermukhi,NR,NR,750
2006-10-06,1,77.5,NR,Chandermukhi,NR,NR,725
2006-10-07,1,76.5,NR,Chandermukhi,NR,NR,725
2006-10-08,1,75,NR,Chandermukhi,NR,NR,725
2006-10-09,1,79.5,NR,Chandermukhi,NR,NR,725
2006-10-10,1,78,NR,Chandermukhi,NR,NR,725
2006-10-11,1,76,NR,Chandermukhi,NR,NR,725
2006-10-12,1,76.5,NR,Chandermukhi,NR,NR,725
2006-10-13,1,77.5,NR,Chandermukhi,NR,NR,715
2006-10-14,1,80,NR,Chandermukhi,NR,NR,715
2006-10-16,1,75,NR,Chandermukhi,NR,NR,715
2006-10-17,1,84,NR,Chandermukhi,NR,NR,715
2006-10-18,1,80,NR,Chandermukhi,NR,NR,715
2006-10-19,1,81,NR,Chandermukhi,NR,NR,715
2006-10-20,1,78,NR,Chandermukhi,NR,NR,710
2006-10-21,1,75,NR,Chandermukhi,NR,NR,710
2006-10-23,1,76.5,NR,Chandermukhi,NR,NR,710
2006-10-24,1,79,NR,Chandermukhi,NR,NR,710
2006-10-25,1,78.5,NR,Chandermukhi,NR,NR,710
2006-10-26,1,79,NR,Chandermukhi,NR,NR,710
2006-10-27,1,72,NR,Chandermukhi,NR,NR,750
2006-10-28,1,69.5,NR,Chandermukhi,NR,NR,775
2006-10-29,1,62.5,NR,Chandermukhi,NR,NR,875
2006-10-30,1,60,NR,Chandermukhi,NR,NR,900
2011-02-01,1,38,NR,Other,NR,NR,350
2011-02-02,1,48.5,NR,Other,NR,NR,350
2011-02-03,1,48,NR,Other,NR,NR,350
2011-02-04,1,47.5,NR,Other,NR,NR,350
2011-02-05,1,48,NR,Other,NR,NR,350
2011-02-06,1,48.5,NR,Other,NR,NR,350
2011-02-07,1,48.5,NR,Other,NR,NR,350
2011-02-08,1,48,NR,Other,NR,NR,375
2011-02-09,1,47,NR,Other,NR,NR,375
2011-02-10,1,47.5,NR,Other,NR,NR,375
2011-02-11,1,48,NR,Other,NR,NR,375
2011-02-12,1,42.5,NR,Other,NR,NR,375
2011-02-14,1,43,NR,Other,NR,NR,375
2011-02-15,1,37.5,NR,Other,NR,NR,375
2011-02-16,1,38,NR,Other,NR,NR,400
2011-02-18,1,48.5,NR,Other,NR,NR,400
2011-02-19,1,37.5,NR,Other,NR,NR,400
2011-02-20,1,37,NR,Other,NR,NR,400
2011-02-21,1,36.5,NR,Other,NR,NR,400
2011-02-22,1,34,NR,Other,NR,NR,400
2011-02-23,1,35,NR,Other,NR,NR,400
2011-02-24,1,36.5,NR,Other,NR,NR,400
2011-02-25,1,24.5,NR,Other,NR,NR,400
2011-02-26,1,34,NR,Other,NR,NR,425
2011-02-27,1,34.5,NR,Other,NR,NR,450
2011-02-28,1,35,NR,Other,NR,NR,450
2007-01-01,1,285,NR,Chandermukhi,NR,NR,200
2007-01-02,1,268,NR,Chandermukhi,NR,NR,200
2007-01-03,1,266.5,NR,Chandermukhi,NR,NR,200
2007-01-04,1,268.5,NR,Chandermukhi,NR,NR,200
2007-01-05,1,273.5,NR,Chandermukhi,NR,NR,200
2007-01-06,1,274.5,NR,Chandermukhi,NR,NR,200
2007-01-07,1,269,NR,Chandermukhi,NR,NR,215
2007-01-08,1,274.5,NR,Chandermukhi,NR,NR,215
2007-01-09,1,270,NR,Chandermukhi,NR,NR,200
2007-01-10,1,255,NR,Chandermukhi,NR,NR,200
2007-01-12,1,241.5,NR,Chandermukhi,NR,NR,200
2007-01-13,1,232,NR,Chandermukhi,NR,NR,210
2007-01-14,1,236.5,NR,Chandermukhi,NR,NR,210
2007-01-15,1,237,NR,Chandermukhi,NR,NR,210
2007-01-16,1,225,NR,Chandermukhi,NR,NR,210
2007-01-17,1,232.5,NR,Chandermukhi,NR,NR,210
2007-01-18,1,235.5,NR,Chandermukhi,NR,NR,210
2007-01-19,1,224,NR,Chandermukhi,NR,NR,215
2007-01-20,1,241.5,NR,Chandermukhi,NR,NR,215
2007-01-21,1,208,NR,Chandermukhi,NR,NR,225
2007-01-22,1,207.5,NR,Chandermukhi,NR,NR,225
2007-01-23,1,206.5,NR,Chandermukhi,NR,NR,225
2007-01-24,1,149,NR,Chandermukhi,NR,NR,225
2007-01-25,1,204,NR,Chandermukhi,NR,NR,225
2007-01-26,1,198,NR,Chandermukhi,NR,NR,230
2007-01-27,1,190,NR,Chandermukhi,NR,NR,230
2007-01-28,1,207,NR,Chandermukhi,NR,NR,240
2007-01-29,1,221.5,NR,Chandermukhi,NR,NR,240
2007-01-30,1,222.5,NR,Chandermukhi,NR,NR,240
2007-01-31,1,223.5,NR,Chandermukhi,NR,NR,240
2013-09-01,1,205,NR,Desi,800,1000,900
2013-09-02,1,230,NR,Desi,800,1000,900
2013-09-03,1,240,NR,Other,800,1000,900
2013-09-04,1,210,NR,Other,900,950,915
2013-09-05,1,225,NR,Other,900,1000,925
2013-09-06,1,260,NR,Other,875,1025,925
2013-09-07,1,270,NR,Other,900,1025,925
2013-09-08,1,260,NR,Other,800,1000,925
2013-09-09,1,250,NR,Other,800,1000,925
2013-09-10,1,320,NR,Other,750,950,850
2013-09-11,1,280,NR,Desi,700,950,850
2013-09-12,1,290.7,NR,Desi,820,900,840
2013-09-13,1,259,NR,Desi,775,925,855
2013-09-14,1,230,NR,Other,800,950,875
2013-09-15,1,215,NR,Other,800,1000,900
2013-09-16,1,250,NR,Other,800,1000,900
2013-09-17,1,270,NR,Other,800,1000,900
2013-09-18,1,235,NR,Other,800,1000,910
2013-09-19,1,251,NR,Desi,800,1000,915
2013-09-20,1,220,NR,Desi,800,1000,900
2013-09-24,1,285,NR,Desi,800,950,875
2013-09-25,1,300,NR,Desi,750,950,850
2013-09-26,1,273,NR,Desi,750,950,850
2013-09-28,1,280,NR,Desi,825,900,850
2013-09-30,1,3.5,NR,Desi,800,950,850
2006-04-01,1,121.5,NR,Red,NR,400,NR
2006-04-02,1,124,NR,Red,NR,385,NR
2006-04-03,1,120,NR,Red,NR,385,NR
2006-04-04,1,121.5,NR,Red,NR,385,NR
2006-04-05,1,113,NR,Red,NR,385,NR
2006-04-06,1,114.5,NR,Red,NR,385,NR
2006-04-07,1,116.5,NR,Red,NR,380,NR
2006-04-08,1,112.5,NR,Red,NR,380,NR
2006-04-09,1,109.5,NR,Red,NR,380,NR
2006-04-10,1,119,NR,Red,NR,380,NR
2006-04-11,1,122,NR,Red,NR,375,NR
2006-04-12,1,125.5,NR,Red,NR,375,NR
2006-04-13,1,119.5,NR,Red,NR,375,NR
2006-04-14,1,118,NR,Red,NR,375,NR
2006-04-15,1,117,NR,Red,NR,375,NR
2006-04-16,1,117,NR,Red,NR,380,NR
2006-04-17,1,114.5,NR,Red,NR,380,NR
2006-04-18,1,111,NR,Red,NR,380,NR
2006-04-19,1,107.5,NR,Red,NR,380,NR
2006-04-20,1,107.5,NR,Red,NR,380,NR
2006-04-21,1,126,NR,Red,NR,380,NR
2006-04-22,1,131.5,NR,Red,NR,375,NR
2006-04-23,1,128.5,NR,Red,NR,375,NR
2006-04-24,1,129.5,NR,Red,NR,375,NR
2006-04-25,1,128,NR,Red,NR,375,NR
2006-04-26,1,131,NR,Red,NR,375,NR
2006-04-27,1,126.5,NR,Red,NR,380,NR
2006-04-28,1,125,NR,Red,NR,380,NR
2006-04-29,1,127.5,NR,Red,NR,380,NR
2006-04-30,1,98,NR,Red,NR,380,NR
2008-11-01,1,94.5,NR,Other,NR,NR,400
2008-11-02,1,95.5,NR,Other,NR,NR,385
2008-11-03,1,94,NR,Other,NR,NR,385
2008-11-04,1,99,NR,Other,NR,NR,385
2008-11-05,1,95.5,NR,Other,NR,NR,385
2008-11-06,1,96,NR,Other,NR,NR,385
2008-11-07,1,96,NR,Other,NR,NR,385
2008-11-08,1,95,NR,Other,NR,NR,385
2008-11-09,1,85,NR,Other,NR,NR,385
2008-11-10,1,90.5,NR,Other,NR,NR,380
2008-11-11,1,110,NR,Other,NR,NR,375
2008-11-12,1,117.5,NR,Other,NR,NR,365
2008-11-13,1,104,NR,Other,NR,NR,365
2008-11-14,1,104,NR,Other,NR,NR,365
2008-11-15,1,101,NR,Other,NR,NR,365
2008-11-16,1,151,NR,Other,NR,NR,365
2008-11-17,1,154,NR,Other,NR,NR,365
2008-11-18,1,102,NR,Other,NR,NR,365
2008-11-19,1,86.5,NR,Other,NR,NR,365
2008-11-20,1,144,NR,Other,NR,NR,350
2008-11-21,1,84,NR,Other,NR,NR,350
2008-11-22,1,125,NR,Other,NR,NR,350
2008-11-23,1,112,NR,Other,NR,NR,350
2008-11-24,1,117.5,NR,Other,NR,NR,350
2008-11-25,1,123.5,NR,Other,NR,NR,350
2008-11-26,1,120.5,NR,Other,NR,NR,350
2008-11-27,1,118,NR,Other,NR,NR,350
2008-11-28,1,123.5,NR,Other,NR,NR,350
2008-11-29,1,29,NR,Other,NR,NR,350
2008-11-30,1,95,NR,Other,NR,NR,350
2010-05-01,1,35,NR,Desi,NR,NR,400
2010-05-02,1,73,NR,Desi,NR,NR,400
2010-05-03,1,65,NR,Desi,NR,NR,400
2010-05-04,1,80,NR,Desi,NR,NR,400
2010-05-05,1,85.5,NR,Desi,NR,NR,400
2010-05-06,1,81,NR,Desi,NR,NR,450
2010-05-07,1,51.5,NR,Desi,NR,NR,450
2010-05-08,1,45,NR,Desi,NR,NR,450
2010-05-09,1,48,NR,Desi,NR,NR,450
2010-05-10,1,48.5,NR,Desi,NR,NR,450
2010-05-11,1,47,NR,Desi,NR,NR,500
2010-05-12,1,47.5,NR,Desi,NR,NR,500
2010-05-13,1,80,NR,Desi,NR,NR,500
2010-05-14,1,51,NR,Desi,NR,NR,550
2010-05-15,1,48.5,NR,Desi,NR,NR,550
2010-05-16,1,47.5,NR,Desi,NR,NR,550
2010-05-17,1,49,NR,Desi,NR,NR,550
2010-05-18,1,47,NR,Desi,NR,NR,550
2010-05-19,1,49,NR,Desi,NR,NR,550
2010-05-20,1,86,NR,Desi,NR,NR,550
2010-05-21,1,86,NR,Desi,NR,NR,550
2010-05-22,1,86,NR,Desi,NR,NR,540
2010-05-23,1,88,NR,Desi,NR,NR,540
2010-05-24,1,89,NR,Desi,NR,NR,540
2010-05-25,1,88,NR,Desi,NR,NR,540
2010-05-26,1,86,NR,Desi,NR,NR,550
2010-05-27,1,85,NR,Desi,NR,NR,550
2010-05-28,1,73,NR,Desi,NR,NR,550
2010-05-29,1,89.5,NR,Desi,NR,NR,540
2010-05-30,1,85,NR,Desi,NR,NR,540
2010-05-31,1,83,NR,Desi,NR,NR,540
2013-06-01,1,250,NR,Desi,900,1000,950
2013-06-02,1,240,NR,Desi,900,1000,950
2013-06-03,1,210,NR,Desi,900,1000,950
2013-06-04,1,180,NR,Desi,900,1000,960
2013-06-05,1,165,NR,Desi,900,1000,965
2013-06-06,1,170,NR,Desi,900,1000,970
2013-06-07,1,180,NR,Desi,950,1050,980
2013-06-08,1,160,NR,Desi,900,1050,1000
2013-06-09,1,175,NR,Desi,900,1050,1000
2013-06-10,1,180,NR,Desi,1000,1100,1050
2013-06-11,1,210,NR,Desi,950,1100,1000
2013-06-12,1,230,NR,Desi,900,1100,1000
2013-06-13,1,280,NR,Desi,900,1100,1000
2013-06-14,1,250,NR,Desi,900,1100,1000
2013-06-15,1,230,NR,Other,1000,1100,1050
2013-06-17,1,240,NR,Desi,900,1100,1000
2013-06-18,1,240,NR,Desi,900,1100,1000
2013-06-19,1,260,NR,Other,900,1050,980
2013-06-20,1,250,NR,Desi,900,1100,1000
2013-06-21,1,260,NR,Desi,900,1100,1000
2013-06-22,1,250,NR,Desi,1000,1100,1050
2013-06-23,1,225,NR,Desi,1000,1100,1050
2013-06-24,1,215,NR,Desi,1000,1100,1050
2013-06-25,1,210,NR,Desi,1000,1100,1050
2013-06-26,1,180,NR,Desi,1000,1100,1050
2013-06-27,1,195,NR,Desi,1000,1100,1050
2013-06-28,1,180,NR,Desi,1000,1100,1050
2013-06-29,1,170,NR,Desi,1000,1100,1050
2011-01-01,1,118,NR,Other,NR,NR,400
2011-01-02,1,85,NR,Other,NR,NR,400
2011-01-03,1,70,NR,Other,NR,NR,380
2011-01-04,1,65,NR,Other,NR,NR,380
2011-01-05,1,51,NR,Other,NR,NR,380
2011-01-06,1,55,NR,Other,NR,NR,380
2011-01-07,1,51,NR, ,NR,NR,NR
2011-01-08,1,50,NR,Other,NR,NR,385
2011-01-09,1,52.5,NR,Other,NR,NR,385
2011-01-10,1,51.5,NR,Other,NR,NR,385
2011-01-11,1,50,NR,Other,NR,NR,385
2011-01-12,1,51.5,NR,Other,NR,NR,375
2011-01-13,1,55,NR,Other,NR,NR,375
2011-01-14,1,50,NR,Other,NR,NR,375
2011-01-15,1,51,NR,Other,NR,NR,375
2011-01-16,1,50,NR,Other,NR,NR,385
2011-01-17,1,51.5,NR,Other,NR,NR,385
2011-01-18,1,54,NR,Other,NR,NR,300
2011-01-19,1,55,NR,Other,NR,NR,300
2011-01-20,1,55,NR,Other,NR,NR,300
2011-01-21,1,48,NR,Other,NR,NR,350
2011-01-22,1,47.5,NR,Other,NR,NR,350
2011-01-23,1,48,NR,Other,NR,NR,350
2011-01-24,1,47,NR,Other,NR,NR,350
2011-01-25,1,51.5,NR,Other,NR,NR,350
2011-01-27,1,50,NR,Other,NR,NR,325
2011-01-28,1,51,NR,Other,NR,NR,335
2011-01-29,1,50,NR,Other,NR,NR,380
2011-01-30,1,47,NR,Other,NR,NR,380
2011-01-31,1,74,NR,Other,NR,NR,380
2010-11-01,1,31.5,NR,Other,NR,NR,600
2010-11-02,1,32.5,NR,Other,NR,NR,600
2010-11-03,1,31.5,NR,Other,NR,NR,600
2010-11-04,1,25,NR,Other,NR,NR,700
2010-11-05,1,25,NR,Other,NR,NR,700
2010-11-06,1,27.5,NR,Other,NR,NR,700
2010-11-07,1,27.5,NR,Other,NR,NR,700
2010-11-08,1,25.5,NR,Other,NR,NR,700
2010-11-09,1,25,NR,Other,NR,NR,700
2010-11-10,1,28,NR,Other,NR,NR,700
2010-11-11,1,26.5,NR,Other,NR,NR,700
2010-11-12,1,26,NR,Other,NR,NR,700
2010-11-13,1,26.5,NR,Other,NR,NR,700
2010-11-14,1,27.5,NR,Other,NR,NR,700
2010-11-15,1,27.5,NR,Other,NR,NR,700
2010-11-16,1,27.5,NR,Other,NR,NR,750
2010-11-17,1,25,NR,Other,NR,NR,750
2010-11-18,1,25,NR,Other,NR,NR,750
2010-11-19,1,49,NR,Other,NR,NR,750
2010-11-20,1,50.5,NR,Other,NR,NR,750
2010-11-21,1,50.5,NR,Other,NR,NR,750
2010-11-22,1,56,NR,Other,NR,NR,750
2010-11-23,1,53,NR,Other,NR,NR,750
2010-11-24,1,51,NR,Other,NR,NR,750
2010-11-25,1,50.5,NR,Other,NR,NR,750
2010-11-26,1,50,NR,Other,NR,NR,750
2010-11-27,1,48.5,NR,Other,NR,NR,750
2010-11-28,1,43,NR,Other,NR,NR,750
2010-11-30,1,46.5,NR,Other,NR,NR,700
2009-10-01,1,39.5,NR,Other,NR,NR,1600
2009-10-02,1,38.5,NR,Other,NR,NR,1600
2009-10-03,1,38,NR,Other,NR,NR,1600
2009-10-04,1,36.5,NR,Other,NR,NR,1600
2009-10-05,1,37,NR,Other,NR,NR,1600
2009-10-06,1,31,NR,Other,NR,NR,1600
2009-10-07,1,33,NR,Other,NR,NR,1600
2009-10-08,1,32,NR,Other,NR,NR,1600
2009-10-09,1,31,NR,Other,NR,NR,1600
2009-10-10,1,32,NR,Other,NR,NR,1600
2009-10-11,1,33,NR,Other,NR,NR,1600
2009-10-12,1,35,NR,Other,NR,NR,1600
2009-10-13,1,31,NR,Other,NR,NR,1600
2009-10-14,1,34,NR,Other,NR,NR,1500
2009-10-15,1,38,NR,Other,NR,NR,1500
2009-10-16,1,42,NR,Other,NR,NR,1500
2009-10-17,1,41.5,NR,Other,NR,NR,1500
2009-10-19,1,43,NR,Other,NR,NR,1500
2009-10-20,1,43.5,NR,Other,NR,NR,1500
2009-10-21,1,39.5,NR,Other,NR,NR,1600
2009-10-22,1,39,NR,Other,NR,NR,1600
2009-10-23,1,38,NR,Other,NR,NR,1600
2009-10-24,1,39,NR,Other,NR,NR,1600
2009-10-25,1,36.5,NR,Other,NR,NR,1600
2009-10-26,1,37.5,NR,Other,NR,NR,1600
2009-10-27,1,35.5,NR,Other,NR,NR,1600
2009-10-28,1,37,NR,Other,NR,NR,1600
2006-03-01,1,191,NR,Red,NR,290,NR
2006-03-02,1,136.5,NR,Red,NR,300,NR
2006-03-03,1,138.5,NR,Red,NR,300,NR
2006-03-04,1,136.5,NR,Red,NR,315,NR
2006-03-05,1,139.5,NR,Red,NR,350,NR
2006-03-06,1,135,NR,Red,NR,375,NR
2006-03-07,1,130,NR,Red,NR,380,NR
2006-03-08,1,126,NR,Red,NR,400,NR
2006-03-09,1,120,NR,Red,NR,400,NR
2006-03-10,1,114,NR,Red,NR,400,NR
2006-03-11,1,114.5,NR,Red,NR,400,NR
2006-03-12,1,112.5,NR,Red,NR,410,NR
2006-03-13,1,112.5,NR,Red,NR,415,NR
2006-03-14,1,112.5,NR,Red,NR,415,NR
2006-03-17,1,109,NR,Red,NR,415,NR
2006-03-18,1,118,NR,Red,NR,415,NR
2006-03-19,1,122.5,NR,Red,NR,410,NR
2006-03-20,1,116,NR,Red,NR,410,NR
2006-03-21,1,116.5,NR,Red,NR,400,NR
2006-03-22,1,112,NR,Red,NR,400,NR
2006-03-23,1,115.5,NR,Red,NR,400,NR
2006-03-24,1,113,NR,Red,NR,400,NR
2006-03-25,1,119,NR,Red,NR,390,NR
2006-03-26,1,117.5,NR,Red,NR,390,NR
2006-03-27,1,120.5,NR,Red,NR,390,NR
2006-03-28,1,119.5,NR,Red,NR,390,NR
2006-03-29,1,122,NR,Red,NR,390,NR
2006-03-30,1,121.5,NR,Red,NR,400,NR
2006-03-31,1,128.5,NR,Red,NR,400,NR
2011-12-01,1,37.5,NR,Other,NR,NR,400
2011-12-02,1,38,NR,Other,NR,NR,400
2011-12-03,1,37.5,NR,Other,NR,NR,400
2011-12-04,1,39.5,NR,Other,NR,NR,400
2011-12-05,1,37,NR,Other,NR,NR,400
2011-12-06,1,45,NR,Other,NR,NR,390
2011-12-07,1,54,NR,Other,NR,NR,390
2011-12-08,1,56,NR,Other,NR,NR,390
2011-12-09,1,55,NR,Other,NR,NR,390
2011-12-10,1,56,NR,Other,NR,NR,390
2011-12-11,1,58,NR,Other,NR,NR,390
2011-12-12,1,57.5,NR,Other,NR,NR,390
2011-12-13,1,65,NR,Other,NR,NR,385
2011-12-14,1,55,NR,Other,NR,NR,385
2011-12-15,1,56,NR,Other,NR,NR,380
2011-12-16,1,50,NR,Other,NR,NR,380
2011-12-17,1,55,NR,Other,NR,NR,380
2011-12-18,1,51.5,NR,Other,NR,NR,380
2011-12-19,1,43.5,NR,Other,NR,NR,380
2011-12-20,1,50,NR,Other,NR,NR,380
2011-12-21,1,53.5,NR,Other,NR,NR,375
2011-12-22,1,51.5,NR,Other,NR,NR,375
2011-12-23,1,51,NR,Other,NR,NR,375
2011-12-24,1,60,NR,Other,NR,NR,350
2011-12-25,1,50,NR,Other,NR,NR,350
2011-12-26,1,56.5,NR,Other,NR,NR,350
2011-12-27,1,51,NR,Other,NR,NR,350
2009-02-01,1,63,NR,Other,NR,NR,275
2009-02-02,1,66,NR,Other,NR,NR,275
2009-02-03,1,63,NR,Other,NR,NR,300
2009-02-04,1,63,NR,Other,NR,NR,300
2009-02-05,1,65,NR,Other,NR,NR,300
2009-02-06,1,56,NR,Other,NR,NR,300
2009-02-07,1,61,NR,Other,NR,NR,300
2009-02-08,1,62,NR,Other,NR,NR,280
2009-02-09,1,60,NR,Other,NR,NR,280
2009-02-10,1,56.5,NR,Other,NR,NR,280
2009-02-11,1,55.5,NR,Other,NR,NR,280
2009-02-12,1,56,NR,Other,NR,NR,280
2009-02-13,1,55.5,NR,Other,NR,NR,300
2009-02-14,1,56,NR,Other,NR,NR,300
2009-02-16,1,56.5,NR,Other,NR,NR,300
2009-02-17,1,56.5,NR,Other,NR,NR,300
2009-02-18,1,55.5,NR,Other,NR,NR,300
2009-02-19,1,55.5,NR,Other,NR,NR,300
2009-02-20,1,56.5,NR,Other,NR,NR,310
2009-02-21,1,55.5,NR,Other,NR,NR,310
2009-02-22,1,55,NR,Other,NR,NR,310
2009-02-23,1,53,NR,Other,NR,NR,310
2009-02-24,1,53.5,NR,Other,NR,NR,310
2009-02-25,1,54.5,NR,Other,NR,NR,310
2009-02-26,1,56.5,NR,Other,NR,NR,310
2009-02-27,1,51.5,NR,Other,NR,NR,350
2009-02-28,1,51,NR, ,NR,NR,NR
2013-07-01,1,163,NR,Desi,1000,1100,1065
2013-07-02,1,140,NR,Desi,1000,1100,1070
2013-07-03,1,146,NR,Desi,1000,1100,1075
2013-07-04,1,125,NR,Desi,1000,1200,1100
2013-07-05,1,142.5,NR,Desi,1050,1150,1100
2013-07-06,1,146,NR,Desi,1050,1150,1100
2013-07-07,1,123,NR,Desi,1050,1150,1100
2013-07-08,1,136.5,NR,Desi,1000,1150,1100
2013-07-09,1,15.5,NR,Desi,1050,1125,1090
2013-07-10,1,165,NR,Desi,1050,1125,1080
2013-07-11,1,174,NR,Desi,1000,1125,1060
2013-07-12,1,190,NR,Desi,1000,1100,1050
2013-07-13,1,198,NR,Desi,1000,1100,1060
2013-07-14,1,186,NR,Desi,1000,1100,1060
2013-07-15,1,220,NR,Desi,1000,1100,1050
2013-07-16,1,198,NR,Desi,1000,1100,1050
2013-07-17,1,220,NR,Desi,900,1100,1000
2013-07-18,1,235,NR,Desi,950,1100,1000
2013-07-19,1,255,NR,Desi,900,1100,1000
2013-07-20,1,255,NR,Desi,950,1100,1000
2013-07-21,1,230,NR,Desi,1000,1100,1020
2013-07-22,1,234.5,NR,Desi,1020,1150,1040
2013-07-23,1,250,NR,Desi,900,1100,1000
2013-07-24,1,210,NR,Desi,1000,1100,1050
2013-07-25,1,215,NR,Desi,950,1100,1000
2013-07-26,1,255,NR,Desi,950,1100,1000
2013-07-30,1,300,NR,Desi,800,1000,900
2009-08-01,1,40.5,NR,Other,NR,NR,1150
2009-08-02,1,40.5,NR,Other,NR,NR,1160
2009-08-03,1,39.5,NR,Other,NR,NR,1160
2009-08-04,1,42,NR,Other,NR,NR,1100
2009-08-05,1,44.5,NR,Other,NR,NR,1100
2009-08-06,1,40,NR,Other,NR,NR,1100
2009-08-07,1,39.5,NR,Other,NR,NR,1100
2009-08-08,1,37,NR,Other,NR,NR,1100
2009-08-09,1,38,NR,Other,NR,NR,1100
2009-08-10,1,38.5,NR,Other,NR,NR,1100
2009-08-11,1,39,NR,Other,NR,NR,1100
2009-08-12,1,43.5,NR,Other,NR,NR,1100
2009-08-13,1,42,NR,Other,NR,NR,1100
2009-08-14,1,42.5,NR,Other,NR,NR,1100
2009-08-15,1,44,NR,Other,NR,NR,1100
2009-08-16,1,39,NR,Other,NR,NR,1100
2009-08-17,1,40.5,NR,Other,NR,NR,1100
2009-08-18,1,43,NR,Other,NR,NR,1050
2009-08-19,1,42,NR,Other,NR,NR,1050
2009-05-01,1,42.5,NR,Other,NR,NR,750
2009-05-02,1,40,NR,Other,NR,NR,750
2009-05-03,1,42,NR,Other,NR,NR,750
2009-05-04,1,42.5,NR,Other,NR,NR,750
2009-05-05,1,41,NR,Other,NR,NR,850
2009-05-06,1,44,NR,Other,NR,NR,850
2009-05-07,1,46.5,NR,Other,NR,NR,850
2009-05-08,1,44,NR,Other,NR,NR,875
2009-05-09,1,44.5,NR,Other,NR,NR,900
2009-05-10,1,43.5,NR,Other,NR,NR,900
2009-05-11,1,47.5,NR,Other,NR,NR,900
2009-05-12,1,38,NR,Other,NR,NR,900
2009-05-13,1,41.5,NR,Other,NR,NR,900
2009-05-14,1,42,NR,Other,NR,NR,900
2009-05-15,1,40.5,NR,Other,NR,NR,950
2009-05-16,1,43,NR,Other,NR,NR,950
2009-05-17,1,44,NR,Other,NR,NR,950
2009-05-18,1,47,NR,Other,NR,NR,950
2009-05-19,1,49,NR,Other,NR,NR,925
2009-05-20,1,52,NR,Other,NR,NR,900
2009-05-21,1,54,NR,Other,NR,NR,875
2009-05-22,1,51,NR,Other,NR,NR,875
2009-05-23,1,52.5,NR,Other,NR,NR,875
2007-04-01,1,84.5,NR,Chandermukhi,NR,NR,450
2007-04-02,1,92,NR,Chandermukhi,NR,NR,450
2007-04-03,1,95.5,NR,Chandermukhi,NR,NR,450
2007-04-05,1,94,NR,Chandermukhi,NR,NR,450
2007-04-06,1,87.5,NR,Chandermukhi,NR,NR,460
2007-04-07,1,86.5,NR,Chandermukhi,NR,NR,460
2007-04-08,1,83,NR,Chandermukhi,NR,NR,460
2007-04-09,1,83,NR,Chandermukhi,NR,NR,460
2007-04-10,1,80,NR,Chandermukhi,NR,NR,465
2007-04-14,1,76,NR,Chandermukhi,NR,NR,475
2007-04-15,1,74,NR,Chandermukhi,NR,NR,475
2007-04-18,1,71,NR,Chandermukhi,NR,NR,500
2007-04-19,1,73,NR,Chandermukhi,NR,NR,500
2007-04-20,1,73.5,NR,Chandermukhi,NR,NR,500
2007-04-21,1,70.5,NR,Chandermukhi,NR,NR,500
2007-04-22,1,68.5,NR,Chandermukhi,NR,NR,500
2007-04-23,1,68,NR,Chandermukhi,NR,NR,500
2007-04-24,1,59,NR,Chandermukhi,NR,NR,500
2007-04-25,1,64,NR,Chandermukhi,NR,NR,500
2013-04-01,1,310,NR,Desi,600,700,650
2013-04-02,1,300,NR,Desi,600,700,650
2013-04-03,1,270,NR,Desi,650,750,700
2013-04-04,1,29,NR,Desi,650,750,700
2013-04-05,1,270,NR,Desi,675,750,700
2013-04-06,1,280,NR,Desi,650,750,700
2013-04-07,1,270,NR,Desi,650,725,700
2013-04-08,1,29,NR, ,NR,NR,NR
2013-04-09,1,280,NR,Desi,650,725,710
2013-04-10,1,250,NR,Desi,700,750,725
2013-04-11,1,280,NR,Desi,700,750,725
2013-04-12,1,250,NR,Desi,750,850,800
2013-04-13,1,270,NR,Desi,750,850,800
2013-04-14,1,220,NR,Desi,800,875,825
2013-04-15,1,270,NR,Desi,800,850,825
2013-04-16,1,300,NR,Desi,800,850,825
2013-04-17,1,270,NR,Desi,800,900,850
2013-04-18,1,220,NR,Desi,850,900,875
2013-04-19,1,235,NR,Desi,825,900,875
2013-04-20,1,200,NR,Desi,800,900,875
2013-04-22,1,280,NR,Desi,800,850,830
2008-05-01,1,69.5,NR,Other,NR,NR,400
2008-05-02,1,75,NR,Other,NR,NR,400
2008-05-03,1,75.5,NR,Other,NR,NR,400
2008-05-04,1,72.5,NR,Other,NR,NR,400
2008-05-05,1,72,NR,Other,NR,NR,400
2008-05-06,1,73.5,NR,Other,NR,NR,400
2008-05-07,1,76.5,NR,Other,NR,NR,400
2008-05-08,1,77,NR,Other,NR,NR,400
2008-05-09,1,75,NR,Other,NR,NR,400
2008-05-10,1,83,NR,Other,NR,NR,400
2008-05-11,1,84,NR,Other,NR,NR,400
2008-05-12,1,83.5,NR,Other,NR,NR,400
2008-05-13,1,83,NR,Other,NR,NR,400
2008-05-14,1,85.5,NR,Other,NR,NR,385
2008-05-15,1,81,NR,Other,NR,NR,385
2008-05-16,1,65.5,NR,Other,NR,NR,385
2008-05-17,1,76,NR,Other,NR,NR,385
2008-05-18,1,78.5,NR,Other,NR,NR,380
2008-05-19,1,81.5,NR,Other,NR,NR,380
2008-05-20,1,93,NR,Other,NR,NR,375
2008-05-21,1,97.5,NR,Other,NR,NR,375
2008-05-22,1,107,NR,Other,NR,NR,375
2008-05-23,1,113,NR,Other,NR,NR,375
2008-05-24,1,121,NR,Other,NR,NR,375
2008-05-25,1,118,NR,Other,NR,NR,375
2008-05-26,1,119,NR,Other,NR,NR,375
2008-05-27,1,114,NR,Other,NR,NR,375
2008-05-28,1,116.5,NR,Other,NR,NR,375
2008-05-29,1,115.5,NR,Other,NR,NR,375
2008-05-30,1,114,NR,Other,NR,NR,380
2008-05-31,1,113.5,NR,Other,NR,NR,380
2011-11-01,1,55,NR,Other,NR,NR,500
2011-11-02,1,65,NR,Other,NR,NR,500
2011-11-03,1,56,NR,Other,NR,NR,500
2011-11-04,1,67,NR,Other,NR,NR,450
2011-11-05,1,55,NR,Other,NR,NR,450
2011-11-06,1,55,NR,Other,NR,NR,450
2011-11-07,1,51,NR,Other,NR,NR,450
2011-11-08,1,51.5,NR,Other,NR,NR,450
2011-11-09,1,51.5,NR,Other,NR,NR,450
2011-11-10,1,51,NR,Other,NR,NR,450
2011-11-11,1,48,NR,Other,NR,NR,450
2011-11-12,1,42.5,NR,Other,NR,NR,450
2011-11-13,1,47,NR,Other,NR,NR,450
2011-11-14,1,49.5,NR,Other,NR,NR,450
2011-11-15,1,47.5,NR,Other,NR,NR,450
2011-11-16,1,52.5,NR,Other,NR,NR,430
2011-11-17,1,54,NR,Other,NR,NR,430
2011-11-18,1,51.5,NR,Other,NR,NR,430
2011-11-19,1,54,NR,Other,NR,NR,430
2011-11-20,1,55,NR,Other,NR,NR,425
2011-11-22,1,51,NR,Other,NR,NR,425
2011-11-23,1,50,NR,Other,NR,NR,425
2011-11-24,1,51,NR,Other,NR,NR,425
2011-11-25,1,46.5,NR,Other,NR,NR,425
2011-11-26,1,55,NR,Other,NR,NR,375
2011-11-27,1,50,NR,Other,NR,NR,375
2011-11-28,1,46,NR,Other,NR,NR,375
2010-08-01,1,32.5,NR,Other,NR,NR,700
2010-08-02,1,33,NR,Other,NR,NR,700
2010-08-03,1,38,NR,Other,NR,NR,650
2010-08-04,1,38.5,NR,Other,NR,NR,650
2010-08-05,1,38.5,NR,Other,NR,NR,650
2010-08-06,1,37.5,NR,Other,NR,NR,550
2010-08-07,1,50,NR,Other,NR,NR,950
2010-08-08,1,55,NR,Other,NR,NR,500
2010-08-09,1,58,NR,Other,NR,NR,500
2010-08-10,1,50,NR,Other,NR,NR,500
2010-08-11,1,53,NR,Other,NR,NR,500
2010-08-12,1,53,NR,Other,NR,NR,500
2010-08-13,1,50,NR,Other,NR,NR,500
2010-08-14,1,40,NR,Other,NR,NR,500
2010-08-16,1,38.5,NR,Other,NR,NR,500
2010-08-17,1,40,NR,Other,NR,NR,450
2010-08-18,1,28,NR,Other,NR,NR,450
2010-08-19,1,67.5,NR,Other,NR,NR,450
2010-08-20,1,72,NR,Other,NR,NR,450
2010-08-21,1,68,NR,Other,NR,NR,450
2010-08-22,1,58,NR,Other,NR,NR,450
2010-08-23,1,62,NR,Other,NR,NR,450
2010-08-24,1,59.5,NR,Other,NR,NR,450
2010-08-25,1,62,NR,Other,NR,NR,450
2010-08-26,1,60.5,NR,Other,NR,NR,450
2010-08-27,1,60.5,NR,Other,NR,NR,450
2010-08-28,1,33,NR,Other,NR,NR,450
2010-08-29,1,31.5,NR,Other,NR,NR,450
2010-08-30,1,31.5,NR,Other,NR,NR,450
2010-08-31,1,21.5,NR,Other,NR,NR,450
2011-05-03,1,37.5,NR, ,NR,NR,NR
2011-05-04,1,37,NR,Other,NR,NR,440
2011-05-05,1,38,NR,Other,NR,NR,440
2011-05-06,1,37.5,NR,Other,NR,NR,480
2011-05-07,1,38.5,NR,Other,NR,NR,480
2011-05-08,1,380,NR,Other,NR,NR,480
2011-05-09,1,38.5,NR,Other,NR,NR,480
2011-05-10,1,42,NR,Other,NR,NR,480
2011-05-11,1,38,NR,Other,NR,NR,485
2011-05-12,1,37.5,NR,Other,NR,NR,485
2011-05-13,1,37,NR,Other,NR,NR,500
2011-05-14,1,37.5,NR,Other,NR,NR,600
2011-05-15,1,38,NR,Other,NR,NR,600
2011-05-16,1,40,NR,Other,NR,NR,600
2011-05-22,1,39,NR,Other,NR,NR,615
2011-05-23,1,37,NR,Other,NR,NR,615
2011-05-24,1,38.5,NR,Other,NR,NR,615
2011-05-25,1,38,NR,Other,NR,NR,610
2011-05-26,1,37,NR,Other,NR,NR,625
2011-05-27,1,38.5,NR,Other,NR,NR,625
2011-05-28,1,38,NR,Other,NR,NR,630
2011-05-29,1,10,NR,Other,NR,NR,545
2011-05-30,1,37.5,NR,Other,NR,NR,630
2011-05-31,1,35,NR,Other,NR,NR,635
2010-12-01,1,38.5,NR,Other,NR,NR,700
2010-12-02,1,39.5,NR,Other,NR,NR,700
2010-12-03,1,42.5,NR,Other,NR,NR,700
2010-12-04,1,46.5,NR,Other,NR,NR,700
2010-12-05,1,47,NR,Other,NR,NR,700
2010-12-06,1,48.5,NR,Other,NR,NR,700
2010-12-07,1,42,NR,Other,NR,NR,700
2010-12-08,1,42,NR,Other,NR,NR,700
2010-12-09,1,75,NR,Other,NR,NR,650
2010-12-10,1,122,NR,Other,NR,NR,600
2010-12-11,1,99,NR,Other,NR,NR,600
2010-12-12,1,102,NR,Other,NR,NR,600
2010-12-13,1,107.5,NR,Other,NR,NR,600
2010-12-14,1,113,NR,Other,NR,NR,600
2010-12-15,1,97.5,NR,Other,NR,NR,600
2010-12-16,1,105,NR,Other,NR,NR,575
2010-12-17,1,105,NR,Other,NR,NR,575
2010-12-18,1,95,NR,Other,NR,NR,575
2010-12-19,1,96,NR,Other,NR,NR,500
2010-12-21,1,120,NR,Other,NR,NR,480
2010-12-22,1,135,NR,Other,NR,NR,480
2010-12-23,1,145,NR,Other,NR,NR,475
2010-12-24,1,120,NR,Other,NR,NR,475
2010-12-25,1,130,NR,Other,NR,NR,450
2010-12-26,1,120,NR,Other,NR,NR,450
2010-12-27,1,120,NR,Other,NR,NR,450
2008-02-01,1,189,NR,Other,NR,NR,300
2008-02-02,1,175,NR,Other,NR,NR,300
2008-02-03,1,179.5,NR,Other,NR,NR,300
2008-02-04,1,184,NR,Other,NR,NR,300
2008-02-05,1,181,NR,Other,NR,NR,300
2008-02-06,1,180,NR,Other,NR,NR,300
2008-02-07,1,162,NR,Other,NR,NR,300
2008-02-08,1,168.5,NR,Other,NR,NR,300
2008-02-09,1,158.5,NR,Other,NR,NR,300
2008-02-10,1,166,NR,Other,NR,NR,300
2008-02-11,1,161,NR,Other,NR,NR,300
2008-02-12,1,166,NR,Other,NR,NR,300
2008-02-13,1,135,NR,Other,NR,NR,300
2008-02-14,1,140.5,NR,Other,NR,NR,300
2008-02-15,1,140.5,NR,Other,NR,NR,300
2008-02-16,1,147,NR,Other,NR,NR,315
2008-02-17,1,149.5,NR,Other,NR,NR,320
2008-02-18,1,153,NR,Other,NR,NR,320
2008-02-19,1,156.5,NR,Other,NR,NR,325
2008-02-20,1,160,NR,Other,NR,NR,325
2008-02-21,1,158.5,NR,Other,NR,NR,330
2008-02-22,1,163,NR,Other,NR,NR,330
2008-02-23,1,156,NR,Other,NR,NR,325
2008-02-24,1,156,NR,Other,NR,NR,325
2008-02-25,1,150.5,NR,Other,NR,NR,325
2008-02-26,1,144,NR,Other,NR,NR,340
2008-02-27,1,133,NR,Other,NR,NR,350
2008-02-28,1,133,NR,Other,NR,NR,350
2008-02-29,1,130,NR,Other,NR,NR,350
2008-01-01,1,180,NR,Other,NR,NR,325
2008-01-02,1,181.5,NR,Other,NR,NR,315
2008-01-03,1,185,NR,Other,NR,NR,315
2008-01-04,1,180,NR,Other,NR,NR,315
2008-01-05,1,205.5,NR,Other,NR,NR,300
2008-01-06,1,210,NR,Other,NR,NR,300
2008-01-07,1,202.5,NR,Other,NR,NR,300
2008-01-08,1,211.5,NR,Other,NR,NR,300
2008-01-09,1,199.5,NR,Other,NR,NR,300
2008-01-10,1,200.5,NR,Other,NR,NR,300
2008-01-11,1,194,NR,Other,NR,NR,300
2008-01-12,1,196.5,NR,Other,NR,NR,300
2008-01-13,1,199,NR,Other,NR,NR,300
2008-01-14,1,201.5,NR,Other,NR,NR,300
2008-01-15,1,206,NR,Other,NR,NR,300
2008-01-16,1,211,NR,Other,NR,NR,300
2008-01-17,1,216,NR,Other,NR,NR,300
2008-01-18,1,217,NR,Other,NR,NR,300
2008-01-19,1,220.5,NR,Other,NR,NR,300
2008-01-20,1,218,NR,Other,NR,NR,300
2008-01-21,1,219.5,NR,Other,NR,NR,300
2008-01-22,1,227.5,NR,Other,NR,NR,285
2008-01-23,1,221,NR,Other,NR,NR,285
2008-01-24,1,213,NR,Other,NR,NR,285
2008-01-25,1,212,NR,Other,NR,NR,285
2008-01-26,1,180,NR,Other,NR,NR,300
2008-01-27,1,168,NR,Other,NR,NR,300
2008-01-28,1,189.5,NR,Other,NR,NR,300
2008-01-29,1,191,NR,Other,NR,NR,300
2010-10-01,1,25,NR,Other,NR,NR,425
2010-10-02,1,35,NR,Other,NR,NR,425
2010-10-03,1,60.5,NR,Other,NR,NR,425
2010-10-04,1,61.5,NR,Other,NR,NR,425
2010-10-05,1,63.5,NR,Other,NR,NR,425
2010-10-06,1,62.5,NR,Other,NR,NR,425
2010-10-07,1,61.5,NR,Other,NR,NR,450
2010-10-08,1,66,NR,Other,NR,NR,460
2010-10-09,1,69,NR,Other,NR,NR,4800
2010-10-10,1,71,NR,Other,NR,NR,500
2010-10-11,1,73.5,NR,Other,NR,NR,520
2010-10-12,1,70.5,NR,Other,NR,NR,525
2010-10-13,1,66.5,NR,Other,NR,NR,525
2010-10-14,1,64,NR,Other,NR,NR,550
2010-10-15,1,68,NR,Other,NR,NR,550
2010-10-16,1,63.5,NR,Other,NR,NR,600
2010-10-17,1,63.5,NR,Other,NR,NR,600
2010-10-18,1,58.5,NR,Other,NR,NR,600
2010-10-19,1,54.5,NR,Other,NR,NR,600
2010-10-20,1,43,NR,Other,NR,NR,600
2010-10-21,1,51,NR,Other,NR,NR,600
2010-10-22,1,55,NR,Other,NR,NR,600
2010-10-23,1,57,NR,Other,NR,NR,600
2010-10-26,1,55.5,NR,Other,NR,NR,600
2010-10-27,1,57.5,NR,Other,NR,NR,600
2010-10-29,1,33,NR,Other,NR,NR,600
2010-10-30,1,32.5,NR,Other,NR,NR,600
